https://raw.githubusercontent.com/UniversalDependencies/UD_Afrikaans-AfriBooms/r2.7/af_afribooms-ud-dev.conllu	329008	b1f2e5331292d59af4f20565d5ffdb8baf56fe8f3b5aa86b3ca949e6137acd0a	af_afribooms-ud-dev.conllu
https://raw.githubusercontent.com/UniversalDependencies/UD_Afrikaans-AfriBooms/r2.7/af_afribooms-ud-test.conllu	633615	957ad05d870725062e7d319f957818d146468ba2adc547e50586689221c62efb	af_afribooms-ud-test.conllu
https://raw.githubusercontent.com/UniversalDependencies/UD_Afrikaans-AfriBooms/r2.7/af_afribooms-ud-train.conllu	2125614	ab40745a6687a99d6cf764631157eea3faed2aaf2532115cbacd1576f0cc4639	af_afribooms-ud-train.conllu
https://raw.githubusercontent.com/UniversalDependencies/UD_Akkadian-PISANDUB/r2.7/akk_pisandub-ud-test.conllu	101789	59462dfade43e7a07cbab74e9c691622e7410e2623f5815a2615f1d7076836a7	akk_pisandub-ud-test.conllu
https://raw.githubusercontent.com/UniversalDependencies/UD_Akkadian-RIAO/r2.7/akk_riao-ud-test.conllu	2022357	702cf899b46dc8750d5be47c94924efa3516ff34e5ca6b594a3c9d350ad85069	akk_riao-ud-test.conllu
https://raw.githubusercontent.com/UniversalDependencies/UD_Akuntsu-TuDeT/r2.7/aqz_tudet-ud-test.conllu	5683	f1df4af0ba2f4f2221ace710152b5d49af57ba80ee1b76ab174a0f5e5e942c09	aqz_tudet-ud-test.conllu
https://raw.githubusercontent.com/UniversalDependencies/UD_Albanian-TSA/r2.7/sq_tsa-ud-test.conllu	68875	76d2681867904d339518933a683938f0b48a0a493b5cb13c6da2690b35103bc2	sq_tsa-ud-test.conllu
https://raw.githubusercontent.com/UniversalDependencies/UD_Amharic-ATT/r2.7/am_att-ud-test.conllu	1019607	491078013ebff83039cc293343a587f4d4658fed145551e577876e85197f5bde	am_att-ud-test.conllu
https://raw.githubusercontent.com/UniversalDependencies/UD_Ancient_Greek-PROIEL/r2.7/grc_proiel-ud-dev.conllu	1511324	3a226a20ce06098941fde48ce636786eef6e1dc1d05c48300e4061d2890cf2f8	grc_proiel-ud-dev.conllu
https://raw.githubusercontent.com/UniversalDependencies/UD_Ancient_Greek-PROIEL/r2.7/grc_proiel-ud-test.conllu	1463462	548a0d7b856c2f844598975bcccec23cca4ec8b03555e1bb4c3bdce668076b41	grc_proiel-ud-test.conllu
https://raw.githubusercontent.com/UniversalDependencies/UD_Ancient_Greek-PROIEL/r2.7/grc_proiel-ud-train.conllu	20741045	5c508e89add3d4ba06fda1aa676e5f8c58d606b630f9f46c246453d208d1e37a	grc_proiel-ud-train.conllu
https://raw.githubusercontent.com/UniversalDependencies/UD_Ancient_Greek-Perseus/r2.7/grc_perseus-ud-dev.conllu	2081842	c64b2f54432aaa267dee81918168e7cee70702d6c5389540bdee216fe743bf5d	grc_perseus-ud-dev.conllu
https://raw.githubusercontent.com/UniversalDependencies/UD_Ancient_Greek-Perseus/r2.7/grc_perseus-ud-test.conllu	1980003	4341babdbb8d5ff6af948a8eb251cda1667a20ba4829fea2cf57a59e90103323	grc_perseus-ud-test.conllu
https://raw.githubusercontent.com/UniversalDependencies/UD_Ancient_Greek-Perseus/r2.7/grc_perseus-ud-train.conllu	14836468	2704888e619a8a6657ca6d4f46436420a26bf5f18f54f96f71ec81ebae11953d	grc_perseus-ud-train.conllu
https://raw.githubusercontent.com/UniversalDependencies/UD_Apurina-UFPA/r2.7/apu_ufpa-ud-test.conllu	69565	14381ead0e066709b4b5359f0b36bb84f68b58f8bebae5ad1b87921f1cdff2c0	apu_ufpa-ud-test.conllu
https://raw.githubusercontent.com/UniversalDependencies/UD_Arabic-NYUAD/r2.7/ar_nyuad-ud-dev.conllu	5846071	db49c5cba27721e05c233be880475b82e55ff361223f56b23057b78eeedf6936	ar_nyuad-ud-dev.conllu
https://raw.githubusercontent.com/UniversalDependencies/UD_Arabic-NYUAD/r2.7/ar_nyuad-ud-test.conllu	5856617	bc4670763e0e3f282ef079b55af0c58d73ac541aafc421161eb4d904bbaca52b	ar_nyuad-ud-test.conllu
https://raw.githubusercontent.com/UniversalDependencies/UD_Arabic-NYUAD/r2.7/ar_nyuad-ud-train.conllu	46880985	b20f1f92f23879c790c22013ec1c10bc371b9925d8ba5aafb9afb6e4bad3df83	ar_nyuad-ud-train.conllu
https://raw.githubusercontent.com/UniversalDependencies/UD_Arabic-PADT/r2.7/ar_padt-ud-dev.conllu	5392471	94078bdef33a6daa7ad095911b1ac8d57cd6ae3c8da5173f084951b547defba7	ar_padt-ud-dev.conllu
https://raw.githubusercontent.com/UniversalDependencies/UD_Arabic-PADT/r2.7/ar_padt-ud-test.conllu	5158351	6b7f1dfe3d92f03f9c266b6fc322352fa9e448a45570033dfe8363ccd56509ae	ar_padt-ud-test.conllu
https://raw.githubusercontent.com/UniversalDependencies/UD_Arabic-PADT/r2.7/ar_padt-ud-train.conllu	40657347	a494df56a997d15bced36ff74b435583dfd41346dce53a3c46ecd8d0a00aadea	ar_padt-ud-train.conllu
https://raw.githubusercontent.com/UniversalDependencies/UD_Arabic-PUD/r2.7/ar_pud-ud-test.conllu	2084082	a35229b853710ce9aebafa1bfa565315f631042b90510431b259e769471dda1a	ar_pud-ud-test.conllu
https://raw.githubusercontent.com/UniversalDependencies/UD_Armenian-ArmTDP/r2.7/hy_armtdp-ud-dev.conllu	710921	f0a4747342fe27f118e56ce61cfad4eb40f1927eaac4ef8a58f7e7ed4e83db21	hy_armtdp-ud-dev.conllu
https://raw.githubusercontent.com/UniversalDependencies/UD_Armenian-ArmTDP/r2.7/hy_armtdp-ud-test.conllu	673347	f74b84683bf15b5825b555fb3b1c29320519351bbf928adaea327c2745b95bf2	hy_armtdp-ud-test.conllu
https://raw.githubusercontent.com/UniversalDependencies/UD_Armenian-ArmTDP/r2.7/hy_armtdp-ud-train.conllu	5502299	35dbd258265fec9530703f104b119f099ea1ca30271e9ec6d95dbcad0a7e8a30	hy_armtdp-ud-train.conllu
https://raw.githubusercontent.com/UniversalDependencies/UD_Assyrian-AS/r2.7/aii_as-ud-test.conllu	32639	bc83f85de7ccfd83a3f133343c37c7720e69c6552cc35c48af8d196d87f65cf9	aii_as-ud-test.conllu
https://raw.githubusercontent.com/UniversalDependencies/UD_Bambara-CRB/r2.7/bm_crb-ud-test.conllu	892924	f0b66492b13b93e951014f5295b669a75fdcd5e6adc40671ffeb128e8b98541f	bm_crb-ud-test.conllu
https://raw.githubusercontent.com/UniversalDependencies/UD_Basque-BDT/r2.7/eu_bdt-ud-dev.conllu	1625533	11c7dadcf9bd4697e5995f3e1584066f969e1cc9276f6e91b56b94314c609616	eu_bdt-ud-dev.conllu
https://raw.githubusercontent.com/UniversalDependencies/UD_Basque-BDT/r2.7/eu_bdt-ud-test.conllu	1647083	6e50eda7608c7a68c52cd94ba7dab1ff0d6f5d5059347c19ef6ebd6660f974a1	eu_bdt-ud-test.conllu
https://raw.githubusercontent.com/UniversalDependencies/UD_Basque-BDT/r2.7/eu_bdt-ud-train.conllu	4940960	1df7fc6a66e990341185990fd3f9170387fa364226e6e0deb0f41ab0ccf6d9ed	eu_bdt-ud-train.conllu
https://raw.githubusercontent.com/UniversalDependencies/UD_Belarusian-HSE/r2.7/be_hse-ud-dev.conllu	1206117	f7fcb93ae14fdde7834ae7b5188c6390dd6538407d4cd5d14e84fa99f24d8925	be_hse-ud-dev.conllu
https://raw.githubusercontent.com/UniversalDependencies/UD_Belarusian-HSE/r2.7/be_hse-ud-test.conllu	1225126	8d88c75e14636cb1c4f2c5a320b18edc1534d9172989ce17325631574404cd77	be_hse-ud-test.conllu
https://raw.githubusercontent.com/UniversalDependencies/UD_Belarusian-HSE/r2.7/be_hse-ud-train.conllu	24002159	ad72c61bc9bf5a251a1c7ce8a3d805c93a714bc82546604ffacbcd931d39fc5a	be_hse-ud-train.conllu
https://raw.githubusercontent.com/UniversalDependencies/UD_Bhojpuri-BHTB/r2.7/bho_bhtb-ud-test.conllu	614159	5394e0a9a97001da215ad60ccf503bed781dd428f725b66d4bfbb677e49181d3	bho_bhtb-ud-test.conllu
https://raw.githubusercontent.com/UniversalDependencies/UD_Breton-KEB/r2.7/br_keb-ud-test.conllu	679680	5e0ed1c1adabc19a48e188130d9e7d9abc695b203c97c588ead340cd231f482a	br_keb-ud-test.conllu
https://raw.githubusercontent.com/UniversalDependencies/UD_Bulgarian-BTB/r2.7/bg_btb-ud-dev.conllu	1533198	e92bd1062b4cdd4db8effea46037a2cd5bb3fbb1a53882eb16ec72d9bf498d66	bg_btb-ud-dev.conllu
https://raw.githubusercontent.com/UniversalDependencies/UD_Bulgarian-BTB/r2.7/bg_btb-ud-test.conllu	1502857	d6e7257fa781d04d035e8611b9073b18aa89cbfdfdf00d22024d9fcf460f2095	bg_btb-ud-test.conllu
https://raw.githubusercontent.com/UniversalDependencies/UD_Bulgarian-BTB/r2.7/bg_btb-ud-train.conllu	11874548	943524c82a11f11ef5406be62bdf6b7d5a166be361b12799807bc2b1be169817	bg_btb-ud-train.conllu
https://raw.githubusercontent.com/UniversalDependencies/UD_Buryat-BDT/r2.7/bxr_bdt-ud-test.conllu	715269	ba146fdcb8bd57d2e6ad5fb7581b5f25d67945da3d90993909e77891fadf2b67	bxr_bdt-ud-test.conllu
https://raw.githubusercontent.com/UniversalDependencies/UD_Buryat-BDT/r2.7/bxr_bdt-ud-train.conllu	10784	a5d169dd5466c5bcbdfced81937d59d7812269ffff4cd057714e89af484d5005	bxr_bdt-ud-train.conllu
https://raw.githubusercontent.com/UniversalDependencies/UD_Cantonese-HK/r2.7/yue_hk-ud-test.conllu	710060	9f81ffc7040161c821ab460fec933e079ea99abb47ef30b74821877da2cbf351	yue_hk-ud-test.conllu
https://raw.githubusercontent.com/UniversalDependencies/UD_Catalan-AnCora/r2.7/ca_ancora-ud-dev.conllu	3806854	0800465cfb3cbb89f936b49418d6afda83e843278ec033ad7641214a51375761	ca_ancora-ud-dev.conllu
https://raw.githubusercontent.com/UniversalDependencies/UD_Catalan-AnCora/r2.7/ca_ancora-ud-test.conllu	3910018	d50824d986f44d9f7fbab994c6d646107cec995629ca4d44ddf72a5db85b3f7e	ca_ancora-ud-test.conllu
https://raw.githubusercontent.com/UniversalDependencies/UD_Catalan-AnCora/r2.7/ca_ancora-ud-train.conllu	28207274	22ed9cc64f3fee61a3d55a9d55ce601913809cf1e3b1b979e375fe68567d7424	ca_ancora-ud-train.conllu
https://raw.githubusercontent.com/UniversalDependencies/UD_Chinese-CFL/r2.7/zh_cfl-ud-test.conllu	384725	10de55d26ac597dce751753a1771cfbd2e699324c55746ddeef687118b92e9c9	zh_cfl-ud-test.conllu
https://raw.githubusercontent.com/UniversalDependencies/UD_Chinese-GSD/r2.7/zh_gsd-ud-dev.conllu	700109	2857854b16c283d1df23fb10cf934fb4f4e6d2e1170ed90a554b6198e866da8c	zh_gsd-ud-dev.conllu
https://raw.githubusercontent.com/UniversalDependencies/UD_Chinese-GSD/r2.7/zh_gsd-ud-test.conllu	666332	91ad218ebe00dc8f9e3091f8486bf87ef2f09cc21817fa24ec613866e9fe82ca	zh_gsd-ud-test.conllu
https://raw.githubusercontent.com/UniversalDependencies/UD_Chinese-GSD/r2.7/zh_gsd-ud-train.conllu	5461926	6ea0360da58f6c8e8f9b9ccfed70a53df6e87bf7639e0daa50a2f10a4415741f	zh_gsd-ud-train.conllu
https://raw.githubusercontent.com/UniversalDependencies/UD_Chinese-GSDSimp/r2.7/zh_gsdsimp-ud-dev.conllu	700133	c92901a021712268f9beeac5d1aac80076e3ddf4d4d7f3ed2cb534170b5c15c4	zh_gsdsimp-ud-dev.conllu
https://raw.githubusercontent.com/UniversalDependencies/UD_Chinese-GSDSimp/r2.7/zh_gsdsimp-ud-test.conllu	666330	3c21e0ce98008d8437d41dc10b3a0d61e2805231a6bb99abbcaeabce01d3a664	zh_gsdsimp-ud-test.conllu
https://raw.githubusercontent.com/UniversalDependencies/UD_Chinese-GSDSimp/r2.7/zh_gsdsimp-ud-train.conllu	5461956	2cd999954a7cb2e1d3be96ae01fbd5d3cf0e10bc42f4e940cd17162c43a558c0	zh_gsdsimp-ud-train.conllu
https://raw.githubusercontent.com/UniversalDependencies/UD_Chinese-HK/r2.7/zh_hk-ud-test.conllu	494447	915470e52d217234a09651f729eafe5a335cad96014c2b15b8078e1f6c9133fb	zh_hk-ud-test.conllu
https://raw.githubusercontent.com/UniversalDependencies/UD_Chinese-PUD/r2.7/zh_pud-ud-test.conllu	1606982	5d60995919ae918d9964fd071ae92bbec392cd3305531b7d4c55ef4fcbee7019	zh_pud-ud-test.conllu
https://raw.githubusercontent.com/UniversalDependencies/UD_Chukchi-HSE/r2.7/ckt_hse-ud-test.conllu	771943	28f65603a77c8d836da5dbe4a8c8de20b9c657eebae3e5a52eddefe302089d45	ckt_hse-ud-test.conllu
https://raw.githubusercontent.com/UniversalDependencies/UD_Classical_Chinese-Kyoto/r2.7/lzh_kyoto-ud-dev.conllu	2549698	b8c46cabf7f51b80e4f9dbb78b27a56a90b5a8c5e67592d2f77c87396f3f2a99	lzh_kyoto-ud-dev.conllu
https://raw.githubusercontent.com/UniversalDependencies/UD_Classical_Chinese-Kyoto/r2.7/lzh_kyoto-ud-test.conllu	2132144	ca419541260d0b475988159cb52d4fd33dce11929a4a620ec0782a715b9464a4	lzh_kyoto-ud-test.conllu
https://raw.githubusercontent.com/UniversalDependencies/UD_Classical_Chinese-Kyoto/r2.7/lzh_kyoto-ud-train.conllu	17976445	9f26421785bc543566014515aed98e22a742184ca02b5a2522465806430a8aaa	lzh_kyoto-ud-train.conllu
https://raw.githubusercontent.com/UniversalDependencies/UD_Coptic-Scriptorium/r2.7/cop_scriptorium-ud-dev.conllu	1012643	57f7fa1dc99912ee772c9f12d01eccd3659aa3d19498b35adc4dc401163d71f1	cop_scriptorium-ud-dev.conllu
https://raw.githubusercontent.com/UniversalDependencies/UD_Coptic-Scriptorium/r2.7/cop_scriptorium-ud-test.conllu	956915	f8b70b36943440637b93377d0e485954dd4c7fe4db2ff40843345837437b953c	cop_scriptorium-ud-test.conllu
https://raw.githubusercontent.com/UniversalDependencies/UD_Coptic-Scriptorium/r2.7/cop_scriptorium-ud-train.conllu	2533438	583d2589b4b1aaecdbf7cbea54803b2602e4f639a11c6be7379d7331674638a7	cop_scriptorium-ud-train.conllu
https://raw.githubusercontent.com/UniversalDependencies/UD_Croatian-SET/r2.7/hr_set-ud-dev.conllu	1688993	c46129c14a446f6b4d05a73a056fbcb76c1b318a8949867c408095de36187126	hr_set-ud-dev.conllu
https://raw.githubusercontent.com/UniversalDependencies/UD_Croatian-SET/r2.7/hr_set-ud-test.conllu	1839456	5da3e9cc8e1d02e7e2a7a7cf9cb3240e32c1a180b689cf4d6dce571a2331e527	hr_set-ud-test.conllu
https://raw.githubusercontent.com/UniversalDependencies/UD_Croatian-SET/r2.7/hr_set-ud-train.conllu	11574585	2f31646567a4f8481b386cf135e1e706e0626e04bf5420f923716afe22389928	hr_set-ud-train.conllu
https://raw.githubusercontent.com/UniversalDependencies/UD_Czech-CAC/r2.7/cs_cac-ud-dev.conllu	1247796	b8f9546b06190f6e38339cb9c320fd4fa873422044fd04867840d1c9a3b3b8b1	cs_cac-ud-dev.conllu
https://raw.githubusercontent.com/UniversalDependencies/UD_Czech-CAC/r2.7/cs_cac-ud-test.conllu	1233210	9a1688a2cd250df6c8d3ebb6fc313d6204572ed16927ee27ced6269deeae84ff	cs_cac-ud-test.conllu
https://raw.githubusercontent.com/UniversalDependencies/UD_Czech-CAC/r2.7/cs_cac-ud-train.conllu	53509229	a62adfdd72059949e1bc7b7dcf228cb121c5c210fda331206a9e3f9a4905bd78	cs_cac-ud-train.conllu
https://raw.githubusercontent.com/UniversalDependencies/UD_Czech-CLTT/r2.7/cs_cltt-ud-dev.conllu	495141	daf6846c8e911feee4e07d00f925ca54e195f67048c86b56760a05976e305dcc	cs_cltt-ud-dev.conllu
https://raw.githubusercontent.com/UniversalDependencies/UD_Czech-CLTT/r2.7/cs_cltt-ud-test.conllu	425984	77a4a46dede551937cfbaf4dfbd3ab5385fa4312032edc3f81c9b117bd6828fc	cs_cltt-ud-test.conllu
https://raw.githubusercontent.com/UniversalDependencies/UD_Czech-CLTT/r2.7/cs_cltt-ud-train.conllu	2824531	5a930cd72d29fdd2b7fe21ae8e55428e919d13b9eb2adad3b2a56b6f24abb62d	cs_cltt-ud-train.conllu
https://raw.githubusercontent.com/UniversalDependencies/UD_Czech-FicTree/r2.7/cs_fictree-ud-dev.conllu	1741006	9d26e41c7563200c9c7948ca15269a5422ce9e0b289a58f89974ee25486194c2	cs_fictree-ud-dev.conllu
https://raw.githubusercontent.com/UniversalDependencies/UD_Czech-FicTree/r2.7/cs_fictree-ud-test.conllu	1744030	ad456c522b6aa0179b833e1a24e025f796a420ab3ca50366fa26691f0d628562	cs_fictree-ud-test.conllu
https://raw.githubusercontent.com/UniversalDependencies/UD_Czech-FicTree/r2.7/cs_fictree-ud-train.conllu	13979306	47d30aff8a03747f1eefbe97417ca9d977a6b5298736444e6471dc1e4de43088	cs_fictree-ud-train.conllu
https://raw.githubusercontent.com/UniversalDependencies/UD_Czech-PDT/r2.7/cs_pdt-ud-dev.conllu	18153081	edbf181e6e11eea607a966fc9b236ff8d14107f140d7738eb6d419b786013c8d	cs_pdt-ud-dev.conllu
https://raw.githubusercontent.com/UniversalDependencies/UD_Czech-PDT/r2.7/cs_pdt-ud-test.conllu	19774471	b5bc7b74ddc2169eff6ea35f6db1fb22f9ffaf626b021281340ccbf9c7f6d547	cs_pdt-ud-test.conllu
https://raw.githubusercontent.com/UniversalDependencies/UD_Czech-PDT/r2.7/cs_pdt-ud-train-c.conllu	15589775	0b3966f87ff82de9262db902701f107955337fad00f846264e95531fa134a037	cs_pdt-ud-train-c.conllu
https://raw.githubusercontent.com/UniversalDependencies/UD_Czech-PDT/r2.7/cs_pdt-ud-train-l.conllu	82234934	24ab4300020e4c78a414d2954fb4512173882d9ddf5fc919d58f795626eb5f36	cs_pdt-ud-train-l.conllu
https://raw.githubusercontent.com/UniversalDependencies/UD_Czech-PDT/r2.7/cs_pdt-ud-train-m.conllu	20882259	c90b107353525d953009eae7166bf5b04247a1b18148082c5baa26823c8e0a3a	cs_pdt-ud-train-m.conllu
https://raw.githubusercontent.com/UniversalDependencies/UD_Czech-PDT/r2.7/cs_pdt-ud-train-v.conllu	14871548	9ee53849957004dc2afe5ffdced9f491d7fb2fb6cdbe102f8566f79ba90f24e9	cs_pdt-ud-train-v.conllu
https://raw.githubusercontent.com/UniversalDependencies/UD_Czech-PUD/r2.7/cs_pud-ud-test.conllu	2231853	1d06ba55ad7e42b6e861031d9cf5087832a465483fd35fbdf972547026ee932c	cs_pud-ud-test.conllu
https://raw.githubusercontent.com/UniversalDependencies/UD_Danish-DDT/r2.7/da_ddt-ud-dev.conllu	658830	dbf7542ba36671d99b87440b79d9fb982ace1c11f12f44b18a44f7f0df328ef0	da_ddt-ud-dev.conllu
https://raw.githubusercontent.com/UniversalDependencies/UD_Danish-DDT/r2.7/da_ddt-ud-test.conllu	638130	bd974efede6e1e127ae3d79df5902cb2c9be6605b7baeb5fa109a46b34842fb4	da_ddt-ud-test.conllu
https://raw.githubusercontent.com/UniversalDependencies/UD_Danish-DDT/r2.7/da_ddt-ud-train.conllu	5128321	e9e281c169411c876e07c1584addee351cd577a09529003712be655d410d59a3	da_ddt-ud-train.conllu
https://raw.githubusercontent.com/UniversalDependencies/UD_Dutch-Alpino/r2.7/nl_alpino-ud-dev.conllu	971006	5636b38e16957378e832defc5160cfe8b2c986c0f200ee6b3f8bd794e5096485	nl_alpino-ud-dev.conllu
https://raw.githubusercontent.com/UniversalDependencies/UD_Dutch-Alpino/r2.7/nl_alpino-ud-test.conllu	928283	91af2b41a89210f023005d66cfeffe9da460a1e3a57cdb15cd693b7835931095	nl_alpino-ud-test.conllu
https://raw.githubusercontent.com/UniversalDependencies/UD_Dutch-Alpino/r2.7/nl_alpino-ud-train.conllu	14959268	26ade09082a79543b3b479615c48a27a803aa4334d92f740062b218c7245f671	nl_alpino-ud-train.conllu
https://raw.githubusercontent.com/UniversalDependencies/UD_Dutch-LassySmall/r2.7/nl_lassysmall-ud-dev.conllu	914518	6e9c764049c1208c89b19cc6a8dd6ff688bd713571008a6cc06faaa77b2e5a4d	nl_lassysmall-ud-dev.conllu
https://raw.githubusercontent.com/UniversalDependencies/UD_Dutch-LassySmall/r2.7/nl_lassysmall-ud-test.conllu	952337	f8d8aa553264a212c580426e761867addac0ea846e5f4d169ac4f6a21b6231a9	nl_lassysmall-ud-test.conllu
https://raw.githubusercontent.com/UniversalDependencies/UD_Dutch-LassySmall/r2.7/nl_lassysmall-ud-train.conllu	6167541	b16545850a5ddd3e477b204d3697b8587b21d0c27479979f5c0ca8c3e0767932	nl_lassysmall-ud-train.conllu
https://raw.githubusercontent.com/UniversalDependencies/UD_English-ESL/r2.7/en_esl-ud-dev.conllu	327396	aa93b21ffc4f4ccff42e272fda3e663c344587030b513af2e64a2dde1a30116d	en_esl-ud-dev.conllu
https://raw.githubusercontent.com/UniversalDependencies/UD_English-ESL/r2.7/en_esl-ud-test.conllu	329371	fcfdd0e8f4270634a02781a43a6c5f3de25dd1c98109b03ca7bef9b3c87c4fd6	en_esl-ud-test.conllu
https://raw.githubusercontent.com/UniversalDependencies/UD_English-ESL/r2.7/en_esl-ud-train.conllu	2694781	3f03264b4501d4a7d8103c55aa6d6fbcdb1e29aafa0a7d819c1116c661543f4e	en_esl-ud-train.conllu
https://raw.githubusercontent.com/UniversalDependencies/UD_English-EWT/r2.7/en_ewt-ud-dev.conllu	1711407	57703dcd3b04c32dda6cb7c2a9d836daf65c2b9141a670163693d230b46559c8	en_ewt-ud-dev.conllu
https://raw.githubusercontent.com/UniversalDependencies/UD_English-EWT/r2.7/en_ewt-ud-test.conllu	1712757	25ef2d6fe772b8f05be374e093693f14284ccdd870fc27a9295f7e5a0fc3253a	en_ewt-ud-test.conllu
https://raw.githubusercontent.com/UniversalDependencies/UD_English-EWT/r2.7/en_ewt-ud-train.conllu	13469758	4e45f7b6f6d4e8d33e0ba7090fc37f2385a91711edb20d456d3fb5f45ac0fc28	en_ewt-ud-train.conllu
https://raw.githubusercontent.com/UniversalDependencies/UD_English-GUM/r2.7/en_gum-ud-dev.conllu	1051757	de1ae4bd12f6c3c5c8f6ca1038b2086213ad557185b3d824e6e4db708e6d31f3	en_gum-ud-dev.conllu
https://raw.githubusercontent.com/UniversalDependencies/UD_English-GUM/r2.7/en_gum-ud-test.conllu	1081305	4a7ef02625a01029daa8f3b683aa2b144fdace3e2ea76ae9ff67725a72fa50e4	en_gum-ud-test.conllu
https://raw.githubusercontent.com/UniversalDependencies/UD_English-GUM/r2.7/en_gum-ud-train.conllu	5569699	e68573d310b106e644e3c9f7a13a0ee113e94542cd3b8a96abc2e1f294732c65	en_gum-ud-train.conllu
https://raw.githubusercontent.com/UniversalDependencies/UD_English-GUMReddit/r2.7/en_gumreddit-ud-dev.conllu	185817	d7f0e7b00bcf5f0ab1ecba6ee157f3adc9e28ae35f3ab713eb247d26b7afd8e5	en_gumreddit-ud-dev.conllu
https://raw.githubusercontent.com/UniversalDependencies/UD_English-GUMReddit/r2.7/en_gumreddit-ud-test.conllu	217402	4f174e7962f0559208b0794f86198166335e2ecf1a6cfea5022e4478ebdba5ff	en_gumreddit-ud-test.conllu
https://raw.githubusercontent.com/UniversalDependencies/UD_English-GUMReddit/r2.7/en_gumreddit-ud-train.conllu	792760	12977d7dc46c2cba3ca78e72dc2c1f195760eb9d736712fcd272aa00164b778d	en_gumreddit-ud-train.conllu
https://raw.githubusercontent.com/UniversalDependencies/UD_English-LinES/r2.7/en_lines-ud-dev.conllu	1122437	47abc677e1d07adf48dfe2b80d10d712fa0e958d1a8b78cf4b2a459bbd81ea81	en_lines-ud-dev.conllu
https://raw.githubusercontent.com/UniversalDependencies/UD_English-LinES/r2.7/en_lines-ud-test.conllu	1036959	dcd0d441be9024e6514dbef0e9b000533efdbee114ffafe8dbfdd0942151c71d	en_lines-ud-test.conllu
https://raw.githubusercontent.com/UniversalDependencies/UD_English-LinES/r2.7/en_lines-ud-train.conllu	3362858	6b92b2e033903822f4ea577ba9d126c11bd63d3d92f89ae1fb741f346b0068c8	en_lines-ud-train.conllu
https://raw.githubusercontent.com/UniversalDependencies/UD_English-PUD/r2.7/en_pud-ud-test.conllu	1340563	e312f9f0273b51634e1b32b7f8c3122341c168a22713a5eefe2d2fbe15ca6545	en_pud-ud-test.conllu
https://raw.githubusercontent.com/UniversalDependencies/UD_English-ParTUT/r2.7/en_partut-ud-dev.conllu	152194	27a1e61f41233bd1ce673918cae31068d786e901dec4ed9fa21c1db34ebe7237	en_partut-ud-dev.conllu
https://raw.githubusercontent.com/UniversalDependencies/UD_English-ParTUT/r2.7/en_partut-ud-test.conllu	187923	7d1af5ae57e83647ca4d9ff85c555f91ee0e63b0e2bd7c00ca7a92b3e66cdeda	en_partut-ud-test.conllu
https://raw.githubusercontent.com/UniversalDependencies/UD_English-ParTUT/r2.7/en_partut-ud-train.conllu	2380169	1f83b28a320b506a476c3ba375b10f156e6bf11ab81fdef4934830c1f612e251	en_partut-ud-train.conllu
https://raw.githubusercontent.com/UniversalDependencies/UD_English-Pronouns/r2.7/en_pronouns-ud-test.conllu	147181	de10b456652d3ca5ce1c7b9bfdaa39f6326b5334f0e65c723ee2f19991d46e2e	en_pronouns-ud-test.conllu
https://raw.githubusercontent.com/UniversalDependencies/UD_Erzya-JR/r2.7/myv_jr-ud-test.conllu	1945981	d20b55a974f5723909ed2ff16dfb35f606629ec0b2664ed351282980efed3c23	myv_jr-ud-test.conllu
https://raw.githubusercontent.com/UniversalDependencies/UD_Estonian-EDT/r2.7/et_edt-ud-dev.conllu	3301948	61f31388400118e2cf1f08387e03c25d9d303df9ac63355d2489f07bdb0dd658	et_edt-ud-dev.conllu
https://raw.githubusercontent.com/UniversalDependencies/UD_Estonian-EDT/r2.7/et_edt-ud-test.conllu	3567555	1262dac825e11f401e3da49eba49b8216b5869a206739c090f6dcef284baa857	et_edt-ud-test.conllu
https://raw.githubusercontent.com/UniversalDependencies/UD_Estonian-EDT/r2.7/et_edt-ud-train.conllu	25524115	8f5ab0b4b3b4558013e6048cc850b00e60189aa5f58c9b2213be2290df56e04a	et_edt-ud-train.conllu
https://raw.githubusercontent.com/UniversalDependencies/UD_Estonian-EWT/r2.7/et_ewt-ud-dev.conllu	637450	fbefd3b63b388f9d69f214d95f1df2d64e8b1067b90211d42f5b35d947cacbbf	et_ewt-ud-dev.conllu
https://raw.githubusercontent.com/UniversalDependencies/UD_Estonian-EWT/r2.7/et_ewt-ud-test.conllu	941709	fdfc3ab6dedfdd37da79d5f8f2745ccbb2db36f507b97e7456db22fc1cf67725	et_ewt-ud-test.conllu
https://raw.githubusercontent.com/UniversalDependencies/UD_Estonian-EWT/r2.7/et_ewt-ud-train.conllu	2464988	b02955a6ece776e8ec8c601fc1f7ef645518ac285cfacde41dc8e4a54788fc9d	et_ewt-ud-train.conllu
https://raw.githubusercontent.com/UniversalDependencies/UD_Faroese-FarPaHC/r2.7/fo_farpahc-ud-dev.conllu	475801	ef3d6f3331a4197290b08f3f31c82879edf556bd221d06e456803e3d23907a46	fo_farpahc-ud-dev.conllu
https://raw.githubusercontent.com/UniversalDependencies/UD_Faroese-FarPaHC/r2.7/fo_farpahc-ud-test.conllu	469491	05d8282bf3fe18af4392bf662e2406335714a80d3825a44c2dda698aafa0157c	fo_farpahc-ud-test.conllu
https://raw.githubusercontent.com/UniversalDependencies/UD_Faroese-FarPaHC/r2.7/fo_farpahc-ud-train.conllu	1241414	9fdf3b863dacf8f85701991574d13e4b49a3e766a1b651a59ff21e7e48a7b76e	fo_farpahc-ud-train.conllu
https://raw.githubusercontent.com/UniversalDependencies/UD_Faroese-OFT/r2.7/fo_oft-ud-test.conllu	802681	9908d571e257a85436feddda8bb35d6eca0e0ce1bef62e31922eafda48ecf6c5	fo_oft-ud-test.conllu
https://raw.githubusercontent.com/UniversalDependencies/UD_Finnish-FTB/r2.7/fi_ftb-ud-dev.conllu	1295461	d149fa4f05a348cd0a3e489375c55a9cb7aeed3d5ca1f3ec70d058bc6032baee	fi_ftb-ud-dev.conllu
https://raw.githubusercontent.com/UniversalDependencies/UD_Finnish-FTB/r2.7/fi_ftb-ud-test.conllu	1341416	294de4b7b5c33b6a942bb1d2cb50d8c7f151fbb934c0e7eee0aaed3d6bdcf729	fi_ftb-ud-test.conllu
https://raw.githubusercontent.com/UniversalDependencies/UD_Finnish-FTB/r2.7/fi_ftb-ud-train.conllu	10495589	41c29a6f9d7491fa4af47ec92e14ea2f17fd16ab933c00399df70c5b3c5f9c4d	fi_ftb-ud-train.conllu
https://raw.githubusercontent.com/UniversalDependencies/UD_Finnish-OOD/r2.7/fi_ood-ud-test.conllu	1480506	8e58cbb194dfe1da85233b2407dbb93dd39c40a087acd993f72ce5c343279463	fi_ood-ud-test.conllu
https://raw.githubusercontent.com/UniversalDependencies/UD_Finnish-PUD/r2.7/fi_pud-ud-test.conllu	1411514	568e79c1ffe45abf60ba9a19c0b77516828d48518e3ad6b351746bcaa599181c	fi_pud-ud-test.conllu
https://raw.githubusercontent.com/UniversalDependencies/UD_Finnish-TDT/r2.7/fi_tdt-ud-dev.conllu	1511949	bd0460795bc26182170ce8a9319e3f93a66b6f6faefb19ffd250fc9a1710a8ae	fi_tdt-ud-dev.conllu
https://raw.githubusercontent.com/UniversalDependencies/UD_Finnish-TDT/r2.7/fi_tdt-ud-test.conllu	1736471	4f5656a5848df334b17489f17f66b76509d8a4d95d2a165aff0998161ae1fd5b	fi_tdt-ud-test.conllu
https://raw.githubusercontent.com/UniversalDependencies/UD_Finnish-TDT/r2.7/fi_tdt-ud-train.conllu	13443822	e5d3904556c19006523f7625fbc32a2fd8ccfc32bab28330a0401ad31678339e	fi_tdt-ud-train.conllu
https://raw.githubusercontent.com/UniversalDependencies/UD_French-FQB/r2.7/fr_fqb-ud-test.conllu	1556235	72678aba999fc9d53f8cff8ea88c6d94e84a3093e17cb7f60e2427c4a8928c15	fr_fqb-ud-test.conllu
https://raw.githubusercontent.com/UniversalDependencies/UD_French-FTB/r2.7/fr_ftb-ud-dev.conllu	2139411	8eef4a0a86129177496857533db92fe4658cfa98c8caa19a6d1397b31a973124	fr_ftb-ud-dev.conllu
https://raw.githubusercontent.com/UniversalDependencies/UD_French-FTB/r2.7/fr_ftb-ud-test.conllu	4130258	cba016058654eefb0ab0f34d28ff0fed8f6a8692d115983984cdd686110e2fff	fr_ftb-ud-test.conllu
https://raw.githubusercontent.com/UniversalDependencies/UD_French-FTB/r2.7/fr_ftb-ud-train.conllu	24657133	357ab130336e737f0b2ad92892e55950aacba4622f784cc1ee3e165a3d685722	fr_ftb-ud-train.conllu
https://raw.githubusercontent.com/UniversalDependencies/UD_French-GSD/r2.7/fr_gsd-ud-dev.conllu	2272423	b30a1ca2d3a92ffbf0cb2659a69fcb0c0cd285422f572b8147b1b48009fe927f	fr_gsd-ud-dev.conllu
https://raw.githubusercontent.com/UniversalDependencies/UD_French-GSD/r2.7/fr_gsd-ud-test.conllu	639241	aa3984748036271f107a2d4ea0f51102e4c1fb4143553a7e696c8a1743f783ef	fr_gsd-ud-test.conllu
https://raw.githubusercontent.com/UniversalDependencies/UD_French-GSD/r2.7/fr_gsd-ud-train.conllu	22580380	8b3e7aa170df47b508438149fe82cd375cc24459cb8b13d650c2a66587fa4245	fr_gsd-ud-train.conllu
https://raw.githubusercontent.com/UniversalDependencies/UD_French-PUD/r2.7/fr_pud-ud-test.conllu	1685033	236a008e73b1c4f57b460bb18c0d86046d4cad866d59c79f34ff8a118b0939a1	fr_pud-ud-test.conllu
https://raw.githubusercontent.com/UniversalDependencies/UD_French-ParTUT/r2.7/fr_partut-ud-dev.conllu	119595	ab23c3d38e78ce031101188e94170dc0fdcf1bc61627bfd26c9acbf27f6464b8	fr_partut-ud-dev.conllu
https://raw.githubusercontent.com/UniversalDependencies/UD_French-ParTUT/r2.7/fr_partut-ud-test.conllu	168650	441373e22dd6dc525ada5fdd58e8236f9daa48cf1b54532321f20c647e97b773	fr_partut-ud-test.conllu
https://raw.githubusercontent.com/UniversalDependencies/UD_French-ParTUT/r2.7/fr_partut-ud-train.conllu	1529652	c4161e715b589611ba22f65ed1b1ea38e28fb86d3dd4df42e7331afd22a73bfd	fr_partut-ud-train.conllu
https://raw.githubusercontent.com/UniversalDependencies/UD_French-Sequoia/r2.7/fr_sequoia-ud-dev.conllu	626918	1f48e1642ce5bd612d5abe2b3f820fd1f7124b8b4bb7b629c6d185e61f3400e6	fr_sequoia-ud-dev.conllu
https://raw.githubusercontent.com/UniversalDependencies/UD_French-Sequoia/r2.7/fr_sequoia-ud-test.conllu	627362	2fe1e8abd1be1d3fcd75589b386d3e08cc64b34b4bf05aa894bd43c187b284ed	fr_sequoia-ud-test.conllu
https://raw.githubusercontent.com/UniversalDependencies/UD_French-Sequoia/r2.7/fr_sequoia-ud-train.conllu	3161002	97e8157ecc729674cf3b338fb2606e3d5e5bbbdffb0008ba65ae472ec7a14eb3	fr_sequoia-ud-train.conllu
https://raw.githubusercontent.com/UniversalDependencies/UD_French-Spoken/r2.7/fr_spoken-ud-dev.conllu	715378	a78f68f67cd7d1bb4f5fed7826e47ac87a15b5702096c7486f79ce9c6e3b4f0f	fr_spoken-ud-dev.conllu
https://raw.githubusercontent.com/UniversalDependencies/UD_French-Spoken/r2.7/fr_spoken-ud-test.conllu	703376	d689bf5bec8559c78c822cd557615990249781b1d9b3c1e4f194bc8964b8b250	fr_spoken-ud-test.conllu
https://raw.githubusercontent.com/UniversalDependencies/UD_French-Spoken/r2.7/fr_spoken-ud-train.conllu	1064587	ecbe97c3f3296eeb1ea1d23d4fc6867a40cbea21f0347d637e93708c2167b7d5	fr_spoken-ud-train.conllu
https://raw.githubusercontent.com/UniversalDependencies/UD_Galician-CTG/r2.7/gl_ctg-ud-dev.conllu	1762119	cf6e1746520bca6453cfacb1833da58549b9a0f860591f6a476a5a5a15ee4691	gl_ctg-ud-dev.conllu
https://raw.githubusercontent.com/UniversalDependencies/UD_Galician-CTG/r2.7/gl_ctg-ud-test.conllu	1763362	e3bfc98e2e02856de43c56aaecb97dec477733a19c4d8ccc8c349a4f3deb9098	gl_ctg-ud-test.conllu
https://raw.githubusercontent.com/UniversalDependencies/UD_Galician-CTG/r2.7/gl_ctg-ud-train.conllu	4705168	93cee58920b2b6d8d31256ca1a0409f895a1683e50f07a3d54d25344ef7c7d12	gl_ctg-ud-train.conllu
https://raw.githubusercontent.com/UniversalDependencies/UD_Galician-TreeGal/r2.7/gl_treegal-ud-test.conllu	686754	cd61faebdea091fbc9e1eea454a70547fea11aaf3cd04d9359aa6ea318b23c3a	gl_treegal-ud-test.conllu
https://raw.githubusercontent.com/UniversalDependencies/UD_Galician-TreeGal/r2.7/gl_treegal-ud-train.conllu	1054717	27d1c5aaca162a58a5a8a76dfb4310a340ca780f75290815527bc3ca3866d7a4	gl_treegal-ud-train.conllu
https://raw.githubusercontent.com/UniversalDependencies/UD_German-GSD/r2.7/de_gsd-ud-dev.conllu	897110	26e994f0403f6de43a22302fd0f632408e32b95b05cf9318d049d51d0c98fbbf	de_gsd-ud-dev.conllu
https://raw.githubusercontent.com/UniversalDependencies/UD_German-GSD/r2.7/de_gsd-ud-test.conllu	1197660	1f04a5a571ef31b7b739d1cdb05ceb2db782c4ad9bbf46672f608caccf349403	de_gsd-ud-test.conllu
https://raw.githubusercontent.com/UniversalDependencies/UD_German-GSD/r2.7/de_gsd-ud-train.conllu	19412594	7f04925f806a93ec00620631131fcdeb44aca239f8bcc732a29c53560bb8548f	de_gsd-ud-train.conllu
https://raw.githubusercontent.com/UniversalDependencies/UD_German-HDT/r2.7/de_hdt-ud-dev.conllu	23599669	2be9a26e258f1259620cc0666c3a29578319c7aba982cb2a75d5430dd6d90c28	de_hdt-ud-dev.conllu
https://raw.githubusercontent.com/UniversalDependencies/UD_German-HDT/r2.7/de_hdt-ud-test.conllu	23859111	a1a535c31ab45d4435c8ff01eadae84e2ff25d31fbd9d6124f15b778893c7e44	de_hdt-ud-test.conllu
https://raw.githubusercontent.com/UniversalDependencies/UD_German-HDT/r2.7/de_hdt-ud-train-a-1.conllu	50023715	064d8fe7b6e4a12ca97852d4c3a16e6e26c8059af426f8c1bf555bb9998d5ec3	de_hdt-ud-train-a-1.conllu
https://raw.githubusercontent.com/UniversalDependencies/UD_German-HDT/r2.7/de_hdt-ud-train-a-2.conllu	48646717	8f53fd5552d8926e7f2c364aafd2124ea4458122611280e0eb3ea19b16d0008d	de_hdt-ud-train-a-2.conllu
https://raw.githubusercontent.com/UniversalDependencies/UD_German-HDT/r2.7/de_hdt-ud-train-b-1.conllu	52550813	424522bc1ad922be96a613b37186e27a45485ff20a53d74c61c32e9064261a20	de_hdt-ud-train-b-1.conllu
https://raw.githubusercontent.com/UniversalDependencies/UD_German-HDT/r2.7/de_hdt-ud-train-b-2.conllu	50563012	240d89ae7817edc70173fa517e106abe958ef2072eb8fcba38745e809327271e	de_hdt-ud-train-b-2.conllu
https://raw.githubusercontent.com/UniversalDependencies/UD_German-LIT/r2.7/de_lit-ud-test.conllu	2060988	905195966adfa9c7f61db46594be44065314f6461f11c9e3c789a1ae8698377e	de_lit-ud-test.conllu
https://raw.githubusercontent.com/UniversalDependencies/UD_German-PUD/r2.7/de_pud-ud-test.conllu	1731875	e7f4798cf8f749752cf25303cbaca0837dd89d1dfd41c8f9ccac614aca1723ed	de_pud-ud-test.conllu
https://raw.githubusercontent.com/UniversalDependencies/UD_Gothic-PROIEL/r2.7/got_proiel-ud-dev.conllu	952481	bde090e6b9020e13d3509734a2c90325b774739631d96f67cc70f66679cceec2	got_proiel-ud-dev.conllu
https://raw.githubusercontent.com/UniversalDependencies/UD_Gothic-PROIEL/r2.7/got_proiel-ud-test.conllu	969149	824230f1a8acd822deba79b0bce43cd743ba491557b7e9eb354d56fdfe7525ce	got_proiel-ud-test.conllu
https://raw.githubusercontent.com/UniversalDependencies/UD_Gothic-PROIEL/r2.7/got_proiel-ud-train.conllu	3304025	b01766bd349981bf1d2897aab78b016cab3eea91e2086fa8604ff6a840f0cb3f	got_proiel-ud-train.conllu
https://raw.githubusercontent.com/UniversalDependencies/UD_Greek-GDT/r2.7/el_gdt-ud-dev.conllu	955755	5d0a2e45384b603b23f12e72a22cd0850bec78356484433bba89107f964e78ee	el_gdt-ud-dev.conllu
https://raw.githubusercontent.com/UniversalDependencies/UD_Greek-GDT/r2.7/el_gdt-ud-test.conllu	974446	3ac83e7f7e0e579de16b9b58ff1469a00e81320f8ed19da538bd671798f78bb0	el_gdt-ud-test.conllu
https://raw.githubusercontent.com/UniversalDependencies/UD_Greek-GDT/r2.7/el_gdt-ud-train.conllu	3857960	f275c9afc7c6065df94081f85cec68b673012b35f4c2faa70bf417c95c954bcf	el_gdt-ud-train.conllu
https://raw.githubusercontent.com/UniversalDependencies/UD_Hebrew-HTB/r2.7/he_htb-ud-dev.conllu	857641	361560ad90cc9b16e8a75f245362239b4e6734f914fc8fddcda036e871a87f99	he_htb-ud-dev.conllu
https://raw.githubusercontent.com/UniversalDependencies/UD_Hebrew-HTB/r2.7/he_htb-ud-test.conllu	919309	d1bed9b4040a49fe76251adb52bdd6553e3c56ca200b4733a67cf4a0250cb762	he_htb-ud-test.conllu
https://raw.githubusercontent.com/UniversalDependencies/UD_Hebrew-HTB/r2.7/he_htb-ud-train.conllu	10277075	9c8232010e1afed9edd0a37424ffa873439e1dc7bdf4c7b5994aea15e080b381	he_htb-ud-train.conllu
https://raw.githubusercontent.com/UniversalDependencies/UD_Hindi-HDTB/r2.7/hi_hdtb-ud-dev.conllu	5163402	c2ddc8fb011fe5bb05fc0212193d8784d4e0dac3440d51d2719d7531fc0e564b	hi_hdtb-ud-dev.conllu
https://raw.githubusercontent.com/UniversalDependencies/UD_Hindi-HDTB/r2.7/hi_hdtb-ud-test.conllu	5182812	ac3b59cb13667dbac8b3b18e443bf2f1de950ea388e7e29aeb22f492413b6d58	hi_hdtb-ud-test.conllu
https://raw.githubusercontent.com/UniversalDependencies/UD_Hindi-HDTB/r2.7/hi_hdtb-ud-train.conllu	41243467	63107dd93eecf94d2716010e73ce4f262612ebc3c41252c5acd2e5addd144744	hi_hdtb-ud-train.conllu
https://raw.githubusercontent.com/UniversalDependencies/UD_Hindi-PUD/r2.7/hi_pud-ud-test.conllu	2303495	2e2c3d8bd134c19c74985a97f4f5ab2a8dca1e3102e9eb7afd22cad3d360c7ff	hi_pud-ud-test.conllu
https://raw.githubusercontent.com/UniversalDependencies/UD_Hindi_English-HIENCS/r2.7/qhe_hiencs-ud-dev.conllu	110359	3feb193e566002c69685cab5bbe43ef4b676ce04ab54f349e57769551c8763fe	qhe_hiencs-ud-dev.conllu
https://raw.githubusercontent.com/UniversalDependencies/UD_Hindi_English-HIENCS/r2.7/qhe_hiencs-ud-test.conllu	106765	9b9c4aaee482681482f4c060d05b63a4878a19c9243367e25376414730d9d613	qhe_hiencs-ud-test.conllu
https://raw.githubusercontent.com/UniversalDependencies/UD_Hindi_English-HIENCS/r2.7/qhe_hiencs-ud-train.conllu	697460	ea7f94b18ddbc0403112168a4e0102243c5727fa9621425c7de9d011db1bc03c	qhe_hiencs-ud-train.conllu
https://raw.githubusercontent.com/UniversalDependencies/UD_Hungarian-Szeged/r2.7/hu_szeged-ud-dev.conllu	1006686	7b9f20e5ca41baf7a7750d2d4c913b037a6c8178c45ba04a0c7fb6b5be94804a	hu_szeged-ud-dev.conllu
https://raw.githubusercontent.com/UniversalDependencies/UD_Hungarian-Szeged/r2.7/hu_szeged-ud-test.conllu	894463	0d86af4095c413f70fd72a4301aa8c675bbeb044eb4754851e23de24300fa89b	hu_szeged-ud-test.conllu
https://raw.githubusercontent.com/UniversalDependencies/UD_Hungarian-Szeged/r2.7/hu_szeged-ud-train.conllu	1786756	fc00f07e4278c34e7c4fd333ee65bd2dbb94e89b5ff606d0dc48ba88c8dc60bf	hu_szeged-ud-train.conllu
https://raw.githubusercontent.com/UniversalDependencies/UD_Icelandic-IcePaHC/r2.7/is_icepahc-ud-dev.conllu	11850540	2ba18074a92e1685c531b0f42b05eda2cd54633c5bc6a249b1c835dfbe9abe03	is_icepahc-ud-dev.conllu
https://raw.githubusercontent.com/UniversalDependencies/UD_Icelandic-IcePaHC/r2.7/is_icepahc-ud-test.conllu	11914121	ce0518cd4ad8568e9843bf1094b181c4681d70f79c303e021f98eb2f68a17093	is_icepahc-ud-test.conllu
https://raw.githubusercontent.com/UniversalDependencies/UD_Icelandic-IcePaHC/r2.7/is_icepahc-ud-train.conllu	61341465	3260307c66a0288e4f534f3d4e92b542d4767747a455d20b6af6b0536363fa86	is_icepahc-ud-train.conllu
https://raw.githubusercontent.com/UniversalDependencies/UD_Icelandic-PUD/r2.7/is_pud-ud-test.conllu	1525635	9ffc7551f2e5db5ea8d14e5b8dcb7b53cf15022c94843e1502c4389de5880077	is_pud-ud-test.conllu
https://raw.githubusercontent.com/UniversalDependencies/UD_Indonesian-CSUI/r2.7/id_csui-ud-test.conllu	515191	0f09f4aec12977ce9d92c3bb9552cf58ab297777f7dd374e05e6cbb243ab7c98	id_csui-ud-test.conllu
https://raw.githubusercontent.com/UniversalDependencies/UD_Indonesian-CSUI/r2.7/id_csui-ud-train.conllu	933410	85df53f92b7dcf10f321564c262ae0f7d50a5075e9e265e070a766a981420d8e	id_csui-ud-train.conllu
https://raw.githubusercontent.com/UniversalDependencies/UD_Indonesian-GSD/r2.7/id_gsd-ud-dev.conllu	979367	3de936f3ffe131630525e15b930725bba889148ff217c4472cdb705c7a07624a	id_gsd-ud-dev.conllu
https://raw.githubusercontent.com/UniversalDependencies/UD_Indonesian-GSD/r2.7/id_gsd-ud-test.conllu	916721	e1dc250145564cf6443c6880b1e5a67f0be7af04bec04ae6787e6193795d7144	id_gsd-ud-test.conllu
https://raw.githubusercontent.com/UniversalDependencies/UD_Indonesian-GSD/r2.7/id_gsd-ud-train.conllu	7591261	d85d2f5f5efbdbd9e0a97475d0a3e7b76f098ba98dd1f3fb2e3a6cf598b384de	id_gsd-ud-train.conllu
https://raw.githubusercontent.com/UniversalDependencies/UD_Indonesian-PUD/r2.7/id_pud-ud-test.conllu	1149692	de0b7e3d36b1e135e8b74bcff7fffb49e4e293ab12277557e31296067cbeac0a	id_pud-ud-test.conllu
https://raw.githubusercontent.com/UniversalDependencies/UD_Irish-IDT/r2.7/ga_idt-ud-dev.conllu	622849	37cda4af967e201eeb077abbfafeba59616bb9bf05a19be528901a394de266ba	ga_idt-ud-dev.conllu
https://raw.githubusercontent.com/UniversalDependencies/UD_Irish-IDT/r2.7/ga_idt-ud-test.conllu	656899	1c2ca94740c58e8b8a611202aa7373342b6c4f9284e47f4adc4cff8255daec3c	ga_idt-ud-test.conllu
https://raw.githubusercontent.com/UniversalDependencies/UD_Irish-IDT/r2.7/ga_idt-ud-train.conllu	6137980	c61f4f51c83744219361e60b56a712b1952b5c266baddf1ebd0b74cf20a299a1	ga_idt-ud-train.conllu
https://raw.githubusercontent.com/UniversalDependencies/UD_Italian-ISDT/r2.7/it_isdt-ud-dev.conllu	833537	08bb8cf86f2c6e5d30d80944876d802c1d718a95e04386822b72de24bb667b3e	it_isdt-ud-dev.conllu
https://raw.githubusercontent.com/UniversalDependencies/UD_Italian-ISDT/r2.7/it_isdt-ud-test.conllu	734818	bb9da748e2a3c95e24165d0fb8917834214f1f6bc0fe718de5d51b8b2adf5341	it_isdt-ud-test.conllu
https://raw.githubusercontent.com/UniversalDependencies/UD_Italian-ISDT/r2.7/it_isdt-ud-train.conllu	19430172	c152e199dc0880f247cd38936e50da7e02ab8bfd0d61ed260ced352a819a55e7	it_isdt-ud-train.conllu
https://raw.githubusercontent.com/UniversalDependencies/UD_Italian-PUD/r2.7/it_pud-ud-test.conllu	1641073	8612f1c216eda8ede799770b65b33e9c13cfcf774275172f03fcd26204b0e170	it_pud-ud-test.conllu
https://raw.githubusercontent.com/UniversalDependencies/UD_Italian-ParTUT/r2.7/it_partut-ud-dev.conllu	193742	602904bdadae46835d7cd46d7f47f7ce71a5c8e9a556f413f9641741c187734f	it_partut-ud-dev.conllu
https://raw.githubusercontent.com/UniversalDependencies/UD_Italian-ParTUT/r2.7/it_partut-ud-test.conllu	240199	6a3f3437fd3ab383ba37122ec84cc1bd53662512f5ff1e80ed306c6b668eb6a2	it_partut-ud-test.conllu
https://raw.githubusercontent.com/UniversalDependencies/UD_Italian-ParTUT/r2.7/it_partut-ud-train.conllu	3148214	8b708515c00951e8d97c98c0aabdbbacf0571d4b294fe8a65628474e1c3e89f2	it_partut-ud-train.conllu
https://raw.githubusercontent.com/UniversalDependencies/UD_Italian-PoSTWITA/r2.7/it_postwita-ud-dev.conllu	751238	032b2888dcc051c7fd22ecdd12cd735b904b5d7c3b715bf662dda292966927a4	it_postwita-ud-dev.conllu
https://raw.githubusercontent.com/UniversalDependencies/UD_Italian-PoSTWITA/r2.7/it_postwita-ud-test.conllu	776964	8ec1dccf3b4f5ac0fb403041a96a7a57300341188e556f1cd576caff607941aa	it_postwita-ud-test.conllu
https://raw.githubusercontent.com/UniversalDependencies/UD_Italian-PoSTWITA/r2.7/it_postwita-ud-train.conllu	6083117	40a82fb240f49ae44ceebe576a0a08936ef8a4408d4d2a0700aa3799cbbe202c	it_postwita-ud-train.conllu
https://raw.githubusercontent.com/UniversalDependencies/UD_Italian-TWITTIRO/r2.7/it_twittiro-ud-dev.conllu	192919	7b47700d18ee75d712523bf6aac590ea8599986efb1d58400e3618e775a73e54	it_twittiro-ud-dev.conllu
https://raw.githubusercontent.com/UniversalDependencies/UD_Italian-TWITTIRO/r2.7/it_twittiro-ud-test.conllu	188645	315063434144c3e98c3a79b3a4a79ea23ed4527ed8fa073a551deedf48264f6f	it_twittiro-ud-test.conllu
https://raw.githubusercontent.com/UniversalDependencies/UD_Italian-TWITTIRO/r2.7/it_twittiro-ud-train.conllu	1513122	b2397c8caa9afe85c9a24630770794418550625724ffc5b63ab8d805ea704bad	it_twittiro-ud-train.conllu
https://raw.githubusercontent.com/UniversalDependencies/UD_Italian-VIT/r2.7/it_vit-ud-dev.conllu	1812744	e70fa6a61df94ffde942b8bd2a4920bfaf0ff343a26f36cef79e4026abf19712	it_vit-ud-dev.conllu
https://raw.githubusercontent.com/UniversalDependencies/UD_Italian-VIT/r2.7/it_vit-ud-test.conllu	1653258	eb64d45cede912941a68c9266555f70ee68383ed6e551a28cc73dcb889fa67e4	it_vit-ud-test.conllu
https://raw.githubusercontent.com/UniversalDependencies/UD_Italian-VIT/r2.7/it_vit-ud-train.conllu	14139309	531ef0e25417f6099ebdeb049a644250e5bf08c048ad8c3f4bd422fdc0b21bca	it_vit-ud-train.conllu
https://raw.githubusercontent.com/UniversalDependencies/UD_Japanese-BCCWJ/r2.7/ja_bccwj-ud-dev.conllu	12411130	7de2422086791c6f2eba2da57d363283380ccceffd206ba3fecab03603c229b6	ja_bccwj-ud-dev.conllu
https://raw.githubusercontent.com/UniversalDependencies/UD_Japanese-BCCWJ/r2.7/ja_bccwj-ud-test.conllu	11627092	56bd66d0a52967f317749c1578f5d612eb47b2b0d5abd06925da798a8ca26319	ja_bccwj-ud-test.conllu
https://raw.githubusercontent.com/UniversalDependencies/UD_Japanese-BCCWJ/r2.7/ja_bccwj-ud-train.conllu	63301903	8585fab51f21dd0b53f50708c3d2ef175a1a7f14f2fb583673d355a377fe677f	ja_bccwj-ud-train.conllu
https://raw.githubusercontent.com/UniversalDependencies/UD_Japanese-GSD/r2.7/ja_gsd-ud-dev.conllu	1908079	aa276e31db568486ed6a2f989110ad575f4da9de88bde0b7b84f859df697226c	ja_gsd-ud-dev.conllu
https://raw.githubusercontent.com/UniversalDependencies/UD_Japanese-GSD/r2.7/ja_gsd-ud-test.conllu	2044038	82a0e132140d41e9013dfe238e6d4d450655c8f9d088491feaa365b3c2be1512	ja_gsd-ud-test.conllu
https://raw.githubusercontent.com/UniversalDependencies/UD_Japanese-GSD/r2.7/ja_gsd-ud-train.conllu	26445241	ab52c32b0342f7d5b4a67fc6b5bdcfb09a0312dcb1b02cd7ce677770b4ff1e53	ja_gsd-ud-train.conllu
https://raw.githubusercontent.com/UniversalDependencies/UD_Japanese-Modern/r2.7/ja_modern-ud-test.conllu	2163988	f3b12e01e31b254daeacc4a8cae5b33c139578b8ac08ebda79fadb8ea43b92fa	ja_modern-ud-test.conllu
https://raw.githubusercontent.com/UniversalDependencies/UD_Japanese-PUD/r2.7/ja_pud-ud-test.conllu	4661525	44b2ea28d1be4ce114e610aa59e8169f8d87225496583e9cbd96a3e13182b47b	ja_pud-ud-test.conllu
https://raw.githubusercontent.com/UniversalDependencies/UD_Karelian-KKPP/r2.7/krl_kkpp-ud-test.conllu	226103	d4d11b2c7b483a6747e68c79a8db4ad64abfbd629dbdd0029c30e1e2aa55a534	krl_kkpp-ud-test.conllu
https://raw.githubusercontent.com/UniversalDependencies/UD_Kazakh-KTB/r2.7/kk_ktb-ud-test.conllu	808343	1d38948088e8a7cca4dbb31c8c900c80e14bb522293a28a248c7f4583313bf2c	kk_ktb-ud-test.conllu
https://raw.githubusercontent.com/UniversalDependencies/UD_Kazakh-KTB/r2.7/kk_ktb-ud-train.conllu	40957	176705fdb3274142bf3835f8d7d52794e829a03fb2bd42506158729aa8c276d2	kk_ktb-ud-train.conllu
https://raw.githubusercontent.com/UniversalDependencies/UD_Khunsari-AHA/r2.7/kfm_aha-ud-test.conllu	6290	2ab80ba14515fcbc7542766fb32974b7e24575bdfbf3dd2aeb47990a52c92676	kfm_aha-ud-test.conllu
https://raw.githubusercontent.com/UniversalDependencies/UD_Komi_Permyak-UH/r2.7/koi_uh-ud-test.conllu	91509	acfd37c6d6921fbd16287d2fbcc0891f9e584b09325401e3dce20420c1444349	koi_uh-ud-test.conllu
https://raw.githubusercontent.com/UniversalDependencies/UD_Komi_Zyrian-IKDP/r2.7/kpv_ikdp-ud-test.conllu	121684	731e12134c2dcc66b93fd3c33c3f9d6f2fe1c11665a8e2d3fd538d8e69bfe12b	kpv_ikdp-ud-test.conllu
https://raw.githubusercontent.com/UniversalDependencies/UD_Komi_Zyrian-Lattice/r2.7/kpv_lattice-ud-test.conllu	467085	f1698d127ce41801b95027f417f0103861330abe3aa11ac92979eee81848fba7	kpv_lattice-ud-test.conllu
https://raw.githubusercontent.com/UniversalDependencies/UD_Korean-GSD/r2.7/ko_gsd-ud-dev.conllu	727020	e5fb7a0fef26f7172751b2791112bbc9ae560940e4f1250b6a33f25716b5bbca	ko_gsd-ud-dev.conllu
https://raw.githubusercontent.com/UniversalDependencies/UD_Korean-GSD/r2.7/ko_gsd-ud-test.conllu	708451	875b8cf2223767c44c641c63a87fe266725c3e5ff0d7080732f7d5ba98eb4a19	ko_gsd-ud-test.conllu
https://raw.githubusercontent.com/UniversalDependencies/UD_Korean-GSD/r2.7/ko_gsd-ud-train.conllu	3446767	2ed449cf0a91283c526fab93e0cb89736eb4fecaa9d0ed7b45ecf4fb14e3faa0	ko_gsd-ud-train.conllu
https://raw.githubusercontent.com/UniversalDependencies/UD_Korean-Kaist/r2.7/ko_kaist-ud-dev.conllu	1608054	f510be6e7f12afc2a4614a04c1493a73111422c426fc47f9c8a57be46b33ffc5	ko_kaist-ud-dev.conllu
https://raw.githubusercontent.com/UniversalDependencies/UD_Korean-Kaist/r2.7/ko_kaist-ud-test.conllu	1778348	6c18d9c8c415f760e89bf2f90fe47b8dda3dc469de7fbda9438387e8320befab	ko_kaist-ud-test.conllu
https://raw.githubusercontent.com/UniversalDependencies/UD_Korean-Kaist/r2.7/ko_kaist-ud-train.conllu	18468775	0590ead1a73eadb5578cdbae904b213913c9eb3d2afbc8c0ddd6711dfea586c0	ko_kaist-ud-train.conllu
https://raw.githubusercontent.com/UniversalDependencies/UD_Korean-PUD/r2.7/ko_pud-ud-test.conllu	2024810	7f491016272abe54235ce77857781279399138a1874a4b961842cf00f3fdfa81	ko_pud-ud-test.conllu
https://raw.githubusercontent.com/UniversalDependencies/UD_Kurmanji-MG/r2.7/kmr_mg-ud-test.conllu	746841	589acb681ff5b8f7685d5094bb44cdad629f273b7f2861c98261e6dd56c5220c	kmr_mg-ud-test.conllu
https://raw.githubusercontent.com/UniversalDependencies/UD_Kurmanji-MG/r2.7/kmr_mg-ud-train.conllu	18317	4a8dde64d56134900aaed27b99a999b94bf4419c46de2b71da784f1f89156c59	kmr_mg-ud-train.conllu
https://raw.githubusercontent.com/UniversalDependencies/UD_Latin-ITTB/r2.7/la_ittb-ud-dev.conllu	2715368	578afb426ed425259dbddbf8782232af0280f9f04deff6aade19c427480863d8	la_ittb-ud-dev.conllu
https://raw.githubusercontent.com/UniversalDependencies/UD_Latin-ITTB/r2.7/la_ittb-ud-test.conllu	2709017	98969d0644ef9bf7588ff92619fdff0cd848e8021a1a0ce889aaf0c4e62d8ea2	la_ittb-ud-test.conllu
https://raw.githubusercontent.com/UniversalDependencies/UD_Latin-ITTB/r2.7/la_ittb-ud-train.conllu	34823161	02c188912caa787bdf797cc1e45f73a5ec0ef7b915c4fc19cae1030464bcceae	la_ittb-ud-train.conllu
https://raw.githubusercontent.com/UniversalDependencies/UD_Latin-LLCT/r2.7/la_llct-ud-dev.conllu	2197279	370ece6db137582077d9682e9bdb499ab4d2f3bb1c89f5c9b58c4021784d573d	la_llct-ud-dev.conllu
https://raw.githubusercontent.com/UniversalDependencies/UD_Latin-LLCT/r2.7/la_llct-ud-test.conllu	2193166	5ae4412e10812583cc82a32c69ea17e4ed340dcb764a4deaba7e588ec498d249	la_llct-ud-test.conllu
https://raw.githubusercontent.com/UniversalDependencies/UD_Latin-LLCT/r2.7/la_llct-ud-train.conllu	17585439	fe6f5882cc4fd9a2864f62f428dc18a59518d066c4ca3241f03c37a632b703e4	la_llct-ud-train.conllu
https://raw.githubusercontent.com/UniversalDependencies/UD_Latin-PROIEL/r2.7/la_proiel-ud-dev.conllu	1280936	950246b030b17b5b19a9250938e83b47a6cde160bb5fd37d8ff643b7f30c8cbf	la_proiel-ud-dev.conllu
https://raw.githubusercontent.com/UniversalDependencies/UD_Latin-PROIEL/r2.7/la_proiel-ud-test.conllu	1288008	c620f9214a607ffdeee06a3c1418cbf13d2b403fb93227c54e46bbf36822b41d	la_proiel-ud-test.conllu
https://raw.githubusercontent.com/UniversalDependencies/UD_Latin-PROIEL/r2.7/la_proiel-ud-train.conllu	15865498	d32d911f4a3f440a7d263f0fddf5c41385fbef458e561babaa7891be1b089baa	la_proiel-ud-train.conllu
https://raw.githubusercontent.com/UniversalDependencies/UD_Latin-Perseus/r2.7/la_perseus-ud-test.conllu	984714	9076e5cb8399bafa345284482e253ca33b9e6da715cb2dac6b7f585d87a09321	la_perseus-ud-test.conllu
https://raw.githubusercontent.com/UniversalDependencies/UD_Latin-Perseus/r2.7/la_perseus-ud-train.conllu	1588989	e2652ead1c65a9843a1d155bd9d471369a0f17e22c673438b34c8de055726d8b	la_perseus-ud-train.conllu
https://raw.githubusercontent.com/UniversalDependencies/UD_Latvian-LVTB/r2.7/lv_lvtb-ud-dev.conllu	2966473	bacf885744049a28f67102e30a656a033642cff73cd8b7ff290ef1467ec8620a	lv_lvtb-ud-dev.conllu
https://raw.githubusercontent.com/UniversalDependencies/UD_Latvian-LVTB/r2.7/lv_lvtb-ud-test.conllu	3004483	c9170879010204794841468dc888729e72ff50a36597846f43373f000631affe	lv_lvtb-ud-test.conllu
https://raw.githubusercontent.com/UniversalDependencies/UD_Latvian-LVTB/r2.7/lv_lvtb-ud-train.conllu	19256345	1b0ef8f3f892ddb3aa45cacec45ae2f355dfe0f8ae0ec8eddf0eacbfd6a999ce	lv_lvtb-ud-train.conllu
https://raw.githubusercontent.com/UniversalDependencies/UD_Lithuanian-ALKSNIS/r2.7/lt_alksnis-ud-dev.conllu	1155815	216cba3c44fed878e81c9c2724c6382ae222e8b2a46fce3e3d899437fa40adf7	lt_alksnis-ud-dev.conllu
https://raw.githubusercontent.com/UniversalDependencies/UD_Lithuanian-ALKSNIS/r2.7/lt_alksnis-ud-test.conllu	1077261	17ca35c1d2e4a251f8d512c493e150feb7c78ce4960b1fb634b2ee946f8957bb	lt_alksnis-ud-test.conllu
https://raw.githubusercontent.com/UniversalDependencies/UD_Lithuanian-ALKSNIS/r2.7/lt_alksnis-ud-train.conllu	4775172	7401e30d994e8472a16a330e0b7c73aebfd7948411b738a74087dd90e3c4719b	lt_alksnis-ud-train.conllu
https://raw.githubusercontent.com/UniversalDependencies/UD_Lithuanian-HSE/r2.7/lt_hse-ud-train.conllu	265619	e2918bc8717fd38255068ffc99a91f40c115bcfa031dda92f8a26dc46701758d	lt_hse-ud-train.conllu
https://raw.githubusercontent.com/UniversalDependencies/UD_Livvi-KKPP/r2.7/olo_kkpp-ud-test.conllu	106213	7abfd75c3e7b2211d2dba8247c6b10298a5da34a4178a0312411c658d9f3df5f	olo_kkpp-ud-test.conllu
https://raw.githubusercontent.com/UniversalDependencies/UD_Livvi-KKPP/r2.7/olo_kkpp-ud-train.conllu	15624	fb0aaa85cd455038a1cccb36b49ffd6ec67b74182c06240a672e6eedddb2a347	olo_kkpp-ud-train.conllu
https://raw.githubusercontent.com/UniversalDependencies/UD_Maltese-MUDT/r2.7/mt_mudt-ud-dev.conllu	465523	72dd3794fe71b2312bf64a53ace4cabe26ddd9894147e9c1377bb95e82168741	mt_mudt-ud-dev.conllu
https://raw.githubusercontent.com/UniversalDependencies/UD_Maltese-MUDT/r2.7/mt_mudt-ud-test.conllu	500871	581081739a2c82c7441e45cff62adfd130d31385eede8991acee1836b093f54b	mt_mudt-ud-test.conllu
https://raw.githubusercontent.com/UniversalDependencies/UD_Maltese-MUDT/r2.7/mt_mudt-ud-train.conllu	1045359	bf7ce62df626ba7f6c4318b4f71fcd053bca0ea150d9ab388721c23d7caea60b	mt_mudt-ud-train.conllu
https://raw.githubusercontent.com/UniversalDependencies/UD_Manx-Cadhan/r2.7/gv_cadhan-ud-test.conllu	287206	2fa67f5620c68f82f43829b047461cb9503879b7e6470f5140b5ed097bd7c263	gv_cadhan-ud-test.conllu
https://raw.githubusercontent.com/UniversalDependencies/UD_Marathi-UFAL/r2.7/mr_ufal-ud-dev.conllu	38470	8651b658a9e29f17adbb3d9d4d9a54875c607c7098c86bdb6e17fa731a9f2b8a	mr_ufal-ud-dev.conllu
https://raw.githubusercontent.com/UniversalDependencies/UD_Marathi-UFAL/r2.7/mr_ufal-ud-test.conllu	35548	92212e6e72e4baab0c6a85ee6514e67fdb1bf7e870ea634cd8764b801ded6654	mr_ufal-ud-test.conllu
https://raw.githubusercontent.com/UniversalDependencies/UD_Marathi-UFAL/r2.7/mr_ufal-ud-train.conllu	265336	3021b8184210817c0c2b931e1e7285798eb957445272829561ce5a286dfb8e69	mr_ufal-ud-train.conllu
https://raw.githubusercontent.com/UniversalDependencies/UD_Mbya_Guarani-Dooley/r2.7/gun_dooley-ud-test.conllu	571571	bd3b34767002a67bd32908f79ce29114930c7df66fd417f665af82485102f519	gun_dooley-ud-test.conllu
https://raw.githubusercontent.com/UniversalDependencies/UD_Mbya_Guarani-Thomas/r2.7/gun_thomas-ud-test.conllu	92963	7b2e7392948dbe1d80c52fbcd7c801dae9de0447db4523ed2196e143a3ea72ac	gun_thomas-ud-test.conllu
https://raw.githubusercontent.com/UniversalDependencies/UD_Moksha-JR/r2.7/mdf_jr-ud-test.conllu	162330	1beecd933a6908f20146092a6dce789be443d55385d2db671882b9005e34ac16	mdf_jr-ud-test.conllu
https://raw.githubusercontent.com/UniversalDependencies/UD_Munduruku-TuDeT/r2.7/myu_tudet-ud-test.conllu	20315	78f684548396ad6cc877f214d71c09448ff137ca5941a5b154a2a6bccd5b7143	myu_tudet-ud-test.conllu
https://raw.githubusercontent.com/UniversalDependencies/UD_Naija-NSC/r2.7/pcm_nsc-ud-dev.conllu	1548905	b3b1ee7623545a259cdf170455f4fe081906940fdeb848a5ce2c79c0ae9a4952	pcm_nsc-ud-dev.conllu
https://raw.githubusercontent.com/UniversalDependencies/UD_Naija-NSC/r2.7/pcm_nsc-ud-test.conllu	1521541	96f7a55c4a53a5c675a2e71105532f9e8868da7456ff8636feb4662ac7fb7c66	pcm_nsc-ud-test.conllu
https://raw.githubusercontent.com/UniversalDependencies/UD_Naija-NSC/r2.7/pcm_nsc-ud-train.conllu	11836964	31fd85e947ae2c6d498a034169e82c027f13da70de1e2c5c6dcfa04a3b6fd1ff	pcm_nsc-ud-train.conllu
https://raw.githubusercontent.com/UniversalDependencies/UD_Nayini-AHA/r2.7/nyq_aha-ud-test.conllu	6387	e3e18e9109759146d19e4845d371c95e0db5bc7018fe0e03d0795f4280af0401	nyq_aha-ud-test.conllu
https://raw.githubusercontent.com/UniversalDependencies/UD_North_Sami-Giella/r2.7/sme_giella-ud-test.conllu	684304	cfcd2b47845a594b769b9e095e067b38835bd63fc6259900ab1bb3ec0a2a92e3	sme_giella-ud-test.conllu
https://raw.githubusercontent.com/UniversalDependencies/UD_North_Sami-Giella/r2.7/sme_giella-ud-train.conllu	1177998	5fa6254334dbbb54d03348976bf8c7ec069d2854dc6f568f92776418b1460354	sme_giella-ud-train.conllu
https://raw.githubusercontent.com/UniversalDependencies/UD_Norwegian-Bokmaal/r2.7/no_bokmaal-ud-dev.conllu	2250082	2cdd66b6234a6ec7a159ddaeccf1b1b59870dcc52d4244f1eed672a6e134a28c	no_bokmaal-ud-dev.conllu
https://raw.githubusercontent.com/UniversalDependencies/UD_Norwegian-Bokmaal/r2.7/no_bokmaal-ud-test.conllu	1851337	af18dd7c570b12a4498e76aebaf41a24e7818b81b595a48b42cb424bb45980c8	no_bokmaal-ud-test.conllu
https://raw.githubusercontent.com/UniversalDependencies/UD_Norwegian-Bokmaal/r2.7/no_bokmaal-ud-train.conllu	15075931	f9982ec8d079fb3cde7026659ec3b4309843d123e74c6960e368293609cfe487	no_bokmaal-ud-train.conllu
https://raw.githubusercontent.com/UniversalDependencies/UD_Norwegian-Nynorsk/r2.7/no_nynorsk-ud-dev.conllu	1924309	414bf3654367c6217e7fd96cc6d8f1e5fccd1facfb0179ac2a2803739ea20f26	no_nynorsk-ud-dev.conllu
https://raw.githubusercontent.com/UniversalDependencies/UD_Norwegian-Nynorsk/r2.7/no_nynorsk-ud-test.conllu	1531195	675fae40314e5f607b08ee61be0c63b37115c369304e0bbc548da1669c18350d	no_nynorsk-ud-test.conllu
https://raw.githubusercontent.com/UniversalDependencies/UD_Norwegian-Nynorsk/r2.7/no_nynorsk-ud-train.conllu	15076991	c17cd35a8b6e69f8fb702b2e90dd2db0c5da95959c4b18db38cfaa571917b3cd	no_nynorsk-ud-train.conllu
https://raw.githubusercontent.com/UniversalDependencies/UD_Norwegian-NynorskLIA/r2.7/no_nynorsklia-ud-dev.conllu	607693	34aff675517fe94686c41df1a76092cde7452db3dbae8e37439d2c43ccd44d0a	no_nynorsklia-ud-dev.conllu
https://raw.githubusercontent.com/UniversalDependencies/UD_Norwegian-NynorskLIA/r2.7/no_nynorsklia-ud-test.conllu	608659	cb90bbe81d2689e29365a3c0fb1bedcf7e79c2665db7e9e1a170118ec9598175	no_nynorsklia-ud-test.conllu
https://raw.githubusercontent.com/UniversalDependencies/UD_Norwegian-NynorskLIA/r2.7/no_nynorsklia-ud-train.conllu	2133324	442910865fc552bd3a974b5904dc33e235e7fd92783aaa8fdb77b8d2fdc476c0	no_nynorsklia-ud-train.conllu
https://raw.githubusercontent.com/UniversalDependencies/UD_Old_Church_Slavonic-PROIEL/r2.7/cu_proiel-ud-dev.conllu	1085829	3f6b2384f8225e5f09d127d512a06cb4d8cf8ff4429752ee2738ea9d439c8619	cu_proiel-ud-dev.conllu
https://raw.githubusercontent.com/UniversalDependencies/UD_Old_Church_Slavonic-PROIEL/r2.7/cu_proiel-ud-test.conllu	1096864	32c79d9174d8134bccfaa8037ca0081b7f94c4161cb9c737030a16548f259a1f	cu_proiel-ud-test.conllu
https://raw.githubusercontent.com/UniversalDependencies/UD_Old_Church_Slavonic-PROIEL/r2.7/cu_proiel-ud-train.conllu	4057146	18e1d77893d834989d14985d6ea8e7f54ac77eb852c18a6e62312256812aed8d	cu_proiel-ud-train.conllu
https://raw.githubusercontent.com/UniversalDependencies/UD_Old_French-SRCMF/r2.7/fro_srcmf-ud-dev.conllu	917107	4607508488fd80c2f2131eca1d1b63d427e332e9c436dd91c5aef37bd276c119	fro_srcmf-ud-dev.conllu
https://raw.githubusercontent.com/UniversalDependencies/UD_Old_French-SRCMF/r2.7/fro_srcmf-ud-test.conllu	926624	64b3c7c9e9aca318b3833e1a0c3699b2f37f81282a0572f4c17f6a49336d44a0	fro_srcmf-ud-test.conllu
https://raw.githubusercontent.com/UniversalDependencies/UD_Old_French-SRCMF/r2.7/fro_srcmf-ud-train.conllu	7199367	731db8947ef25ed59ea55ec873997040a0dc4c716c590edcdc12a4f2c8b4f7a0	fro_srcmf-ud-train.conllu
https://raw.githubusercontent.com/UniversalDependencies/UD_Old_Russian-RNC/r2.7/orv_rnc-ud-test.conllu	1624943	829aaac6f086c5ebb66b9f3bad3b443056774cafc43dc235ab9c3d5f1a778d41	orv_rnc-ud-test.conllu
https://raw.githubusercontent.com/UniversalDependencies/UD_Old_Russian-RNC/r2.7/orv_rnc-ud-train.conllu	1002455	cca480a21d4288e7a7ae66427981c224fc3a9f8eafc74da267c89d6c1e22ceaf	orv_rnc-ud-train.conllu
https://raw.githubusercontent.com/UniversalDependencies/UD_Old_Russian-TOROT/r2.7/orv_torot-ud-dev.conllu	1651906	072f4b017bdbe08f945b427557b5368d5dfdd842bd6aff6f6d39a16314a57a9a	orv_torot-ud-dev.conllu
https://raw.githubusercontent.com/UniversalDependencies/UD_Old_Russian-TOROT/r2.7/orv_torot-ud-test.conllu	1588826	d61d2d02c7bfc8d3c71c34b68049f31cc763029378ff4c3f9a2e62f82fc05da6	orv_torot-ud-test.conllu
https://raw.githubusercontent.com/UniversalDependencies/UD_Old_Russian-TOROT/r2.7/orv_torot-ud-train.conllu	12055630	df2951197f70fc1acce8d1bea32b9742e96381c64a45d00fbb7412e49e1e1192	orv_torot-ud-train.conllu
https://raw.githubusercontent.com/UniversalDependencies/UD_Old_Turkish-Tonqq/r2.7/otk_tonqq-ud-test.conllu	14389	a9edd3eeb7d20be9fe1295adf175367e1e4bc786bb112ecc3be521b302cbe0a1	otk_tonqq-ud-test.conllu
https://raw.githubusercontent.com/UniversalDependencies/UD_Persian-PerDT/r2.7/fa_perdt-ud-dev.conllu	1670797	779d8593b96aff5cee0a36359a9a9fe81a350ea1d3f411c5764809846ecf811e	fa_perdt-ud-dev.conllu
https://raw.githubusercontent.com/UniversalDependencies/UD_Persian-PerDT/r2.7/fa_perdt-ud-test.conllu	1619860	7bfa24c64ef430912c27b44dd3090fcbde01ea9e5b031fe1e034b90bffec6385	fa_perdt-ud-test.conllu
https://raw.githubusercontent.com/UniversalDependencies/UD_Persian-PerDT/r2.7/fa_perdt-ud-train.conllu	30315738	aabcd3048d3a01340bf3975b4141ae763cc253dadef6518e72cf90c5c1e38501	fa_perdt-ud-train.conllu
https://raw.githubusercontent.com/UniversalDependencies/UD_Persian-Seraji/r2.7/fa_seraji-ud-dev.conllu	1013594	d244c4a55b2c81dd4035a84b2278e5b4996d8491e223bc0e154a4d53f7b59565	fa_seraji-ud-dev.conllu
https://raw.githubusercontent.com/UniversalDependencies/UD_Persian-Seraji/r2.7/fa_seraji-ud-test.conllu	1045997	9c702c9031a6cccb133d41e56e6e183f670e2c705ca129f4114e3a44209b0125	fa_seraji-ud-test.conllu
https://raw.githubusercontent.com/UniversalDependencies/UD_Persian-Seraji/r2.7/fa_seraji-ud-train.conllu	7830516	a9644620290fe88efc89ef44d3914568e92c2ae1aafe6d6ca9142355f0e3a53e	fa_seraji-ud-train.conllu
https://raw.githubusercontent.com/UniversalDependencies/UD_Polish-LFG/r2.7/pl_lfg-ud-dev.conllu	1483326	907efdde55fdd506be9758d3efac50a2186c9b07d841b36237b2b1650aad3a5d	pl_lfg-ud-dev.conllu
https://raw.githubusercontent.com/UniversalDependencies/UD_Polish-LFG/r2.7/pl_lfg-ud-test.conllu	1488459	2c534689f2224489c315a5819ec59486a9eb503781d65ae77763fae17dc41ee9	pl_lfg-ud-test.conllu
https://raw.githubusercontent.com/UniversalDependencies/UD_Polish-LFG/r2.7/pl_lfg-ud-train.conllu	11893756	c5c65ee8be4b2f84cc7ea19cf27a1fbe837297f51957450bb077eb8edeb13d1f	pl_lfg-ud-train.conllu
https://raw.githubusercontent.com/UniversalDependencies/UD_Polish-PDB/r2.7/pl_pdb-ud-dev.conllu	3599483	d21290ff0fb49c3fa992bd09cdca0e430d73a693a7a0542d1895d509581c757b	pl_pdb-ud-dev.conllu
https://raw.githubusercontent.com/UniversalDependencies/UD_Polish-PDB/r2.7/pl_pdb-ud-test.conllu	3488618	12b30775d3dfa86e5142a477ce144e34492e40cc2a49d2a74757b2ddbb7dae6d	pl_pdb-ud-test.conllu
https://raw.githubusercontent.com/UniversalDependencies/UD_Polish-PDB/r2.7/pl_pdb-ud-train.conllu	29252818	205237738691b9d39d35fc3cd80cb42f0bfd2fce18c2a0a2c1370d65248cbb18	pl_pdb-ud-train.conllu
https://raw.githubusercontent.com/UniversalDependencies/UD_Polish-PUD/r2.7/pl_pud-ud-test.conllu	1943983	9defe58eb5197f1ecfaa2b5c8acd843543a05103ec985ac5d8483c7d7650c6ea	pl_pud-ud-test.conllu
https://raw.githubusercontent.com/UniversalDependencies/UD_Portuguese-Bosque/r2.7/pt_bosque-ud-dev.conllu	735115	186c762248b41afce7b7f78d67c2518bdcb6bdbe1811f342fa6d176bcc75410b	pt_bosque-ud-dev.conllu
https://raw.githubusercontent.com/UniversalDependencies/UD_Portuguese-Bosque/r2.7/pt_bosque-ud-test.conllu	689057	e72ab931f905f7cce07593a3694389c24583b0e6e64497f8d4d7cc4dc916938e	pt_bosque-ud-test.conllu
https://raw.githubusercontent.com/UniversalDependencies/UD_Portuguese-Bosque/r2.7/pt_bosque-ud-train.conllu	13777331	7a39592513312a8c9cccbd65bc1323c3f2be46a64b0cc016efcffde32ab46dea	pt_bosque-ud-train.conllu
https://raw.githubusercontent.com/UniversalDependencies/UD_Portuguese-GSD/r2.7/pt_gsd-ud-dev.conllu	1545875	49613edd512c69420ed2cba1c9ed3f8433edb448dee25352e825c296f76e1d9b	pt_gsd-ud-dev.conllu
https://raw.githubusercontent.com/UniversalDependencies/UD_Portuguese-GSD/r2.7/pt_gsd-ud-test.conllu	1505665	6639d51de914531ba676ecfb1ebe8b37c0b4b4b00db6e2650add2c49310fe0e0	pt_gsd-ud-test.conllu
https://raw.githubusercontent.com/UniversalDependencies/UD_Portuguese-GSD/r2.7/pt_gsd-ud-train.conllu	12249304	f583012d73deb427406b3fd71d6650673b85c6ba7f1d9c6aa69e6167d4d3405e	pt_gsd-ud-train.conllu
https://raw.githubusercontent.com/UniversalDependencies/UD_Portuguese-PUD/r2.7/pt_pud-ud-test.conllu	1516883	7596ff6215df98147c552af8a61180015337f88e50613d05cb901d327188c640	pt_pud-ud-test.conllu
https://raw.githubusercontent.com/UniversalDependencies/UD_Romanian-Nonstandard/r2.7/ro_nonstandard-ud-dev.conllu	1682260	022de4cd11f42cbd478391ce9319a1254d714894d85498ffb9eb481aab0776f5	ro_nonstandard-ud-dev.conllu
https://raw.githubusercontent.com/UniversalDependencies/UD_Romanian-Nonstandard/r2.7/ro_nonstandard-ud-test.conllu	1905095	20094035b9031679db637b7bd85e875836ccf652ef0ca88c2375d8ae37923438	ro_nonstandard-ud-test.conllu
https://raw.githubusercontent.com/UniversalDependencies/UD_Romanian-Nonstandard/r2.7/ro_nonstandard-ud-train.conllu	46758393	872d387b7a99d82f812e5ccf747936ee7743ecf2464da5139077b6659b0755d2	ro_nonstandard-ud-train.conllu
https://raw.githubusercontent.com/UniversalDependencies/UD_Romanian-RRT/r2.7/ro_rrt-ud-dev.conllu	1347021	b622f3bb56f088cf271cd5d01a437743d49a73d8c54aabcfea29b9d92f81c14e	ro_rrt-ud-dev.conllu
https://raw.githubusercontent.com/UniversalDependencies/UD_Romanian-RRT/r2.7/ro_rrt-ud-test.conllu	1286003	a92eae7714fe30f972dc0c1d6467e79a8c38b51cbf7444c91a2b6edcdb27f60d	ro_rrt-ud-test.conllu
https://raw.githubusercontent.com/UniversalDependencies/UD_Romanian-RRT/r2.7/ro_rrt-ud-train.conllu	14554932	11989f673e69e2a891b8ba22e09f5b766c8c008b484c8687a6b79fddc4cae77a	ro_rrt-ud-train.conllu
https://raw.githubusercontent.com/UniversalDependencies/UD_Romanian-SiMoNERo/r2.7/ro_simonero-ud-dev.conllu	1142381	a8661c4e5af01e6e0b2f3a0976b55577a0d94af769f9ec646ad88ae83fd8624d	ro_simonero-ud-dev.conllu
https://raw.githubusercontent.com/UniversalDependencies/UD_Romanian-SiMoNERo/r2.7/ro_simonero-ud-test.conllu	1153909	957deab172c5109c1fd42ef863f7ce7ac5fc48ba3824a900114d3b2e2910b734	ro_simonero-ud-test.conllu
https://raw.githubusercontent.com/UniversalDependencies/UD_Romanian-SiMoNERo/r2.7/ro_simonero-ud-train.conllu	9113088	198a72cccad60fc8fc76c087da089dee318d80fd0c7f2ba95538601ec34e4680	ro_simonero-ud-train.conllu
https://raw.githubusercontent.com/UniversalDependencies/UD_Russian-GSD/r2.7/ru_gsd-ud-dev.conllu	1052060	4b029113f641c0868319cf174c0f28d4fde39c4f28907b6d7ce2536b7cc492ad	ru_gsd-ud-dev.conllu
https://raw.githubusercontent.com/UniversalDependencies/UD_Russian-GSD/r2.7/ru_gsd-ud-test.conllu	1027280	3b124dd43069c310347fb3785d81f90c6539f7b2a7bd56f5ea068b5e912b5e4a	ru_gsd-ud-test.conllu
https://raw.githubusercontent.com/UniversalDependencies/UD_Russian-GSD/r2.7/ru_gsd-ud-train.conllu	6751646	fe6a2ff6581c7172bb7114073a63bff115b67647603c380f253e7c3a27da66ab	ru_gsd-ud-train.conllu
https://raw.githubusercontent.com/UniversalDependencies/UD_Russian-PUD/r2.7/ru_pud-ud-test.conllu	1869304	1112176e9333720e4cecd056d0323f64666c9c277b6d0897bcf74044312ed2f7	ru_pud-ud-test.conllu
https://raw.githubusercontent.com/UniversalDependencies/UD_Russian-SynTagRus/r2.7/ru_syntagrus-ud-dev.conllu	10903424	c941688d54a69469c25989a8a2c67451d464ee3c35d319665f08c428a9a61a79	ru_syntagrus-ud-dev.conllu
https://raw.githubusercontent.com/UniversalDependencies/UD_Russian-SynTagRus/r2.7/ru_syntagrus-ud-test.conllu	10798207	771cb3f846b9074d465c5f0abf65c88c289249ef4a2bdc92b3ddcb12849ea5e6	ru_syntagrus-ud-test.conllu
https://raw.githubusercontent.com/UniversalDependencies/UD_Russian-SynTagRus/r2.7/ru_syntagrus-ud-train.conllu	81043533	44a6ff0a831ec954ead032e2000e652aa20692eae211f18c012b9c3424ffd2fe	ru_syntagrus-ud-train.conllu
https://raw.githubusercontent.com/UniversalDependencies/UD_Russian-Taiga/r2.7/ru_taiga-ud-dev.conllu	903181	2f08ba15c1f3f75378d760bf25c60da2b8b1e65cf1d3be48c81cb5dd59a4af5b	ru_taiga-ud-dev.conllu
https://raw.githubusercontent.com/UniversalDependencies/UD_Russian-Taiga/r2.7/ru_taiga-ud-test.conllu	843045	a529924cf317d8e9a681cd5ee423405b320b365bf01a9365143b30da50c245d0	ru_taiga-ud-test.conllu
https://raw.githubusercontent.com/UniversalDependencies/UD_Russian-Taiga/r2.7/ru_taiga-ud-train.conllu	3745201	414ac026e383bf95b49c7b5c31f74b2919684fa4a2052676ad51edca6510d210	ru_taiga-ud-train.conllu
https://raw.githubusercontent.com/UniversalDependencies/UD_Sanskrit-UFAL/r2.7/sa_ufal-ud-test.conllu	424675	f8ce621616b6bbf140cd72fedab424f597c332681205ca3d89dcc6bf4ac7245a	sa_ufal-ud-test.conllu
https://raw.githubusercontent.com/UniversalDependencies/UD_Sanskrit-Vedic/r2.7/sa_vedic-ud-test.conllu	727799	1f956de82ffb3adadf871b12b564267da45461db7a927224931e2810d633a3ca	sa_vedic-ud-test.conllu
https://raw.githubusercontent.com/UniversalDependencies/UD_Sanskrit-Vedic/r2.7/sa_vedic-ud-train.conllu	1313784	db757954e74655aea6d1a3d3ba59e562a1587320eb5def94161f2eb390ef9122	sa_vedic-ud-train.conllu
https://raw.githubusercontent.com/UniversalDependencies/UD_Scottish_Gaelic-ARCOSG/r2.7/gd_arcosg-ud-dev.conllu	599404	f1494653ef0ca55a1e306b11bf9985322206c9a372afce4f574c00d3cb8b3396	gd_arcosg-ud-dev.conllu
https://raw.githubusercontent.com/UniversalDependencies/UD_Scottish_Gaelic-ARCOSG/r2.7/gd_arcosg-ud-test.conllu	597116	416424e80e525a97f50e93199ace91923da9ae3ee9f26c5a9142a08ad2b524ec	gd_arcosg-ud-test.conllu
https://raw.githubusercontent.com/UniversalDependencies/UD_Scottish_Gaelic-ARCOSG/r2.7/gd_arcosg-ud-train.conllu	2277567	a3a503b4e0ea5001b6a3bc542e4857936e02c5af6ffcd15d98a0f804822ac93d	gd_arcosg-ud-train.conllu
https://raw.githubusercontent.com/UniversalDependencies/UD_Serbian-SET/r2.7/sr_set-ud-dev.conllu	909840	1dc65f6779bedebf36f9cc81652bced3584519ef4b74ce55ec75743eba9b7b6f	sr_set-ud-dev.conllu
https://raw.githubusercontent.com/UniversalDependencies/UD_Serbian-SET/r2.7/sr_set-ud-test.conllu	867901	3c1a7aa77ef7cb7ff40a779b8949e38138be7c2176a66558538815884cefa71f	sr_set-ud-test.conllu
https://raw.githubusercontent.com/UniversalDependencies/UD_Serbian-SET/r2.7/sr_set-ud-train.conllu	5636640	79d9176dd5e6cca731c1e128f8dbfd329938fb6d391556e0ea078b3e9d548a36	sr_set-ud-train.conllu
https://raw.githubusercontent.com/UniversalDependencies/UD_Skolt_Sami-Giellagas/r2.7/sms_giellagas-ud-test.conllu	116491	c2607030f23ad5d50ae1e3a621dd491bfbbe9c2703b3868a74816ccc85a4c92d	sms_giellagas-ud-test.conllu
https://raw.githubusercontent.com/UniversalDependencies/UD_Slovak-SNK/r2.7/sk_snk-ud-dev.conllu	1183806	e3e24538a2fddc20da8aaef779d4e90657317521e40911bf1199c528e655be70	sk_snk-ud-dev.conllu
https://raw.githubusercontent.com/UniversalDependencies/UD_Slovak-SNK/r2.7/sk_snk-ud-test.conllu	1229723	2173e1b150d6b2d095cea6176aeb2bd6a58deba527dec2f554a1419f80c6616d	sk_snk-ud-test.conllu
https://raw.githubusercontent.com/UniversalDependencies/UD_Slovak-SNK/r2.7/sk_snk-ud-train.conllu	7599891	fd6d49426b3b3829db6a3234fc0b27d19944a1900ebd5931e9c3a2c8ca1738f1	sk_snk-ud-train.conllu
https://raw.githubusercontent.com/UniversalDependencies/UD_Slovenian-SSJ/r2.7/sl_ssj-ud-dev.conllu	1237011	a533ae42e2ac4801f5274e17ba9bd54a0602630a5fb497e9687f0868154aca30	sl_ssj-ud-dev.conllu
https://raw.githubusercontent.com/UniversalDependencies/UD_Slovenian-SSJ/r2.7/sl_ssj-ud-test.conllu	1243333	587e4b589d02319309910db6ef49bc0a643aa8a3050d617642ede8838b009f11	sl_ssj-ud-test.conllu
https://raw.githubusercontent.com/UniversalDependencies/UD_Slovenian-SSJ/r2.7/sl_ssj-ud-train.conllu	9975618	97ec8805a1e15b256393bb8b06df1266dda1d935231ded5b0311f325ed615768	sl_ssj-ud-train.conllu
https://raw.githubusercontent.com/UniversalDependencies/UD_Slovenian-SST/r2.7/sl_sst-ud-test.conllu	901726	d243037f91161e487dff4d5932c62b87ef1bd84a570dd4204db00f048f6da843	sl_sst-ud-test.conllu
https://raw.githubusercontent.com/UniversalDependencies/UD_Slovenian-SST/r2.7/sl_sst-ud-train.conllu	1754051	884f6589e68f96f8fa75374548e9d788f64de56d1de5f3ff8c14aa66f891ca47	sl_sst-ud-train.conllu
https://raw.githubusercontent.com/UniversalDependencies/UD_Soi-AHA/r2.7/soj_aha-ud-test.conllu	4577	398168d915890dc78e0eb0d9fd4e8a23ba533ae40ccd9944b37b649e3d131aed	soj_aha-ud-test.conllu
https://raw.githubusercontent.com/UniversalDependencies/UD_South_Levantine_Arabic-MADAR/r2.7/ajp_madar-ud-test.conllu	43174	25fb925837c7402ab62132f8cd48aed4b4495e44987ef601b2610692dbe70ca4	ajp_madar-ud-test.conllu
https://raw.githubusercontent.com/UniversalDependencies/UD_Spanish-AnCora/r2.7/es_ancora-ud-dev.conllu	3577042	ed7892d5b672908ee092989626e591bf38d19ed04b0feb54a91a06a2e5843de8	es_ancora-ud-dev.conllu
https://raw.githubusercontent.com/UniversalDependencies/UD_Spanish-AnCora/r2.7/es_ancora-ud-test.conllu	3606792	76e0b225339c974a57812fc12254261fecbe2953b1d7c6c561d98b121b5a0ca3	es_ancora-ud-test.conllu
https://raw.githubusercontent.com/UniversalDependencies/UD_Spanish-AnCora/r2.7/es_ancora-ud-train.conllu	30484249	e38558c36a057f1b23a8ceff9f30c45f6edd5ebff597adf6e68f2694ad678f00	es_ancora-ud-train.conllu
https://raw.githubusercontent.com/UniversalDependencies/UD_Spanish-GSD/r2.7/es_gsd-ud-dev.conllu	2235996	c0c1632f04ba9fcdc3ecc690d5c1ad001ae684aaa4f8d1ec5190074d180a1f6d	es_gsd-ud-dev.conllu
https://raw.githubusercontent.com/UniversalDependencies/UD_Spanish-GSD/r2.7/es_gsd-ud-test.conllu	731768	9f973b4f6d959af121de6d5b99e727f2f5ef7ff44171f904271137997d737f8d	es_gsd-ud-test.conllu
https://raw.githubusercontent.com/UniversalDependencies/UD_Spanish-GSD/r2.7/es_gsd-ud-train.conllu	23105996	ce4868f8dd1b8acf23a2b6e75d82cb5638eeb79239f9f4ed2f6db5becc60edd2	es_gsd-ud-train.conllu
https://raw.githubusercontent.com/UniversalDependencies/UD_Spanish-PUD/r2.7/es_pud-ud-test.conllu	1628475	329c2aa7b51abfd82abc6cd7202cb30ac08cc102e5fb147bc465b7b5e5ac3529	es_pud-ud-test.conllu
https://raw.githubusercontent.com/UniversalDependencies/UD_Swedish-LinES/r2.7/sv_lines-ud-dev.conllu	1470351	b604ccf8bd8ff27dcacadc279167cee5f294ee8fe87e6df0b9cabfabfe2f3cc7	sv_lines-ud-dev.conllu
https://raw.githubusercontent.com/UniversalDependencies/UD_Swedish-LinES/r2.7/sv_lines-ud-test.conllu	1358988	b3db0fd16c9abaf06a99eb035ed0d372953748ca3d4ddd858cb4e8b50d01f3ef	sv_lines-ud-test.conllu
https://raw.githubusercontent.com/UniversalDependencies/UD_Swedish-LinES/r2.7/sv_lines-ud-train.conllu	4415944	66289a92887b53c75a7d742cf98e2839095671fb99ba46dd5ec4abf931716d84	sv_lines-ud-train.conllu
https://raw.githubusercontent.com/UniversalDependencies/UD_Swedish-PUD/r2.7/sv_pud-ud-test.conllu	1722516	6250959c5a9f81d7d1f5ff820543dce1d8cbbcf207740f4209715d3e48cf75ef	sv_pud-ud-test.conllu
https://raw.githubusercontent.com/UniversalDependencies/UD_Swedish-Talbanken/r2.7/sv_talbanken-ud-dev.conllu	854941	ec2c7532ae30506565478de368ae0a37e31245529ef4775be9342682315e19d4	sv_talbanken-ud-dev.conllu
https://raw.githubusercontent.com/UniversalDependencies/UD_Swedish-Talbanken/r2.7/sv_talbanken-ud-test.conllu	1781482	54c492f3daccc22a74441ab31f21a1f66afc572a0ca939f7bff8db3d564d7a3b	sv_talbanken-ud-test.conllu
https://raw.githubusercontent.com/UniversalDependencies/UD_Swedish-Talbanken/r2.7/sv_talbanken-ud-train.conllu	5839589	4a86d14bb64824e24b7c9f7c3b5ef8f41b5ea772a37c7012a622297a39e7a259	sv_talbanken-ud-train.conllu
https://raw.githubusercontent.com/UniversalDependencies/UD_Swedish_Sign_Language-SSLC/r2.7/swl_sslc-ud-dev.conllu	33918	e5897b36ba82896aba353d5597a00fde8f256a6da46db4c5a7b275b0c48801b0	swl_sslc-ud-dev.conllu
https://raw.githubusercontent.com/UniversalDependencies/UD_Swedish_Sign_Language-SSLC/r2.7/swl_sslc-ud-test.conllu	14170	35e57206d94273f44a8ca752e4e6e346ff0a12af5393092c200ed2009b3492a4	swl_sslc-ud-test.conllu
https://raw.githubusercontent.com/UniversalDependencies/UD_Swedish_Sign_Language-SSLC/r2.7/swl_sslc-ud-train.conllu	33611	d67d98a66bb637e6b4e886d0a5c8416b8859d703011306671e84523dda46bf39	swl_sslc-ud-train.conllu
https://raw.githubusercontent.com/UniversalDependencies/UD_Swiss_German-UZH/r2.7/gsw_uzh-ud-test.conllu	59675	1b9fcc5c87faf42775ec1f04fe7fadde75f3da3e773e9e5791fe190b35cd991c	gsw_uzh-ud-test.conllu
https://raw.githubusercontent.com/UniversalDependencies/UD_Tagalog-TRG/r2.7/tl_trg-ud-test.conllu	61344	d21eb1072f6da530de2e0e3a9065a76ae36559efd43afc7c6d48264024afa8c1	tl_trg-ud-test.conllu
https://raw.githubusercontent.com/UniversalDependencies/UD_Tagalog-Ugnayan/r2.7/tl_ugnayan-ud-test.conllu	55207	f48eb82e9baab1bf928330924e45fad2dded3b14b688178be864aa97ea68c9ef	tl_ugnayan-ud-test.conllu
https://raw.githubusercontent.com/UniversalDependencies/UD_Tamil-MWTT/r2.7/ta_mwtt-ud-test.conllu	414263	8899dd2d3deb5c8e554f04f980cd9cee9e8e3aec303e0340eb9298a3b4b6ae74	ta_mwtt-ud-test.conllu
https://raw.githubusercontent.com/UniversalDependencies/UD_Tamil-TTB/r2.7/ta_ttb-ud-dev.conllu	230208	dafcc77706caaa06d071c5437d40606605fe023ed3b80abd12f942a38ffbcfb9	ta_ttb-ud-dev.conllu
https://raw.githubusercontent.com/UniversalDependencies/UD_Tamil-TTB/r2.7/ta_ttb-ud-test.conllu	359965	ca34cd6923802210f4c3d4949c7163a264069652cf118bda7338105f92ed1fdc	ta_ttb-ud-test.conllu
https://raw.githubusercontent.com/UniversalDependencies/UD_Tamil-TTB/r2.7/ta_ttb-ud-train.conllu	1163275	53cfad54f97d6868a90613d1cf16eebab27645ac699c3157afef53c1a1e651d2	ta_ttb-ud-train.conllu
https://raw.githubusercontent.com/UniversalDependencies/UD_Telugu-MTG/r2.7/te_mtg-ud-dev.conllu	65828	092bdf10b18e9f73e5515b26f9823d2ef94a328fc3025fd09e9caea893e1b205	te_mtg-ud-dev.conllu
https://raw.githubusercontent.com/UniversalDependencies/UD_Telugu-MTG/r2.7/te_mtg-ud-test.conllu	71743	daec0a0348eac3ff94929dc3f77351b0b485fc52916595f56f62c636e003d9fb	te_mtg-ud-test.conllu
https://raw.githubusercontent.com/UniversalDependencies/UD_Telugu-MTG/r2.7/te_mtg-ud-train.conllu	506193	b26dc6865df1aa3cb1afdd35fa2de8d18bed75ca1fb6396699dc2fd8568e7ea4	te_mtg-ud-train.conllu
https://raw.githubusercontent.com/UniversalDependencies/UD_Thai-PUD/r2.7/th_pud-ud-test.conllu	1606517	1b4a222b8ed3f262ff2979bf9a1f37c824b151c1d3b10ae07c194fa7b4311a8d	th_pud-ud-test.conllu
https://raw.githubusercontent.com/UniversalDependencies/UD_Tupinamba-TuDeT/r2.7/tpn_tudet-ud-test.conllu	5447	cabb6b7b0f7f88523aa984d16be49e7e8a203a037dad32cec154a423127553b0	tpn_tudet-ud-test.conllu
https://raw.githubusercontent.com/UniversalDependencies/UD_Turkish-BOUN/r2.7/tr_boun-ud-dev.conllu	961547	5823621efa5ee942fd6418fe7932c44286bb689a3dc778164fb148685e79da8d	tr_boun-ud-dev.conllu
https://raw.githubusercontent.com/UniversalDependencies/UD_Turkish-BOUN/r2.7/tr_boun-ud-test.conllu	963299	f529c5f4f50b9bc57a2203cf2f1c0b16d1992d63a570138d671c45703fee3554	tr_boun-ud-test.conllu
https://raw.githubusercontent.com/UniversalDependencies/UD_Turkish-BOUN/r2.7/tr_boun-ud-train.conllu	7817189	8a7848e19c9dccfbe566784734836229c469df8321f9c0b2538043f802fc554d	tr_boun-ud-train.conllu
https://raw.githubusercontent.com/UniversalDependencies/UD_Turkish-GB/r2.7/tr_gb-ud-test.conllu	1474083	504ed3b41066cc0573b22206c5079b7059bf91e27edaa8e05873b06522956457	tr_gb-ud-test.conllu
https://raw.githubusercontent.com/UniversalDependencies/UD_Turkish-IMST/r2.7/tr_imst-ud-dev.conllu	814774	ef5f61c81033a2d7d1a9520a335ae40c64b60a086f3839c4526f2a82d29fe28c	tr_imst-ud-dev.conllu
https://raw.githubusercontent.com/UniversalDependencies/UD_Turkish-IMST/r2.7/tr_imst-ud-test.conllu	818974	81da92f533e370bfa3108b3986cca9d5ddfdd37f8478c1fb9ac5861836b4ffc9	tr_imst-ud-test.conllu
https://raw.githubusercontent.com/UniversalDependencies/UD_Turkish-IMST/r2.7/tr_imst-ud-train.conllu	3077270	143433753b110aa599aaee26992980e510609881b2ba7dcb46a56596560280e8	tr_imst-ud-train.conllu
https://raw.githubusercontent.com/UniversalDependencies/UD_Turkish-PUD/r2.7/tr_pud-ud-test.conllu	1359487	ae453033648b3ea384165f915e194e473da7cce5e19118616ae3aa49dda5ca81	tr_pud-ud-test.conllu
https://raw.githubusercontent.com/UniversalDependencies/UD_Turkish_German-SAGT/r2.7/qtd_sagt-ud-dev.conllu	931559	f46c0b2fb296bc0a7980e380b8fa3da3ec2d0e26db50c7e3a84bfd0de723bbc9	qtd_sagt-ud-dev.conllu
https://raw.githubusercontent.com/UniversalDependencies/UD_Turkish_German-SAGT/r2.7/qtd_sagt-ud-test.conllu	1020478	d1ae2d0ee4cf198647dabdc149d429574081534a32687901abd0e3156bc7acad	qtd_sagt-ud-test.conllu
https://raw.githubusercontent.com/UniversalDependencies/UD_Turkish_German-SAGT/r2.7/qtd_sagt-ud-train.conllu	347574	617894370e51cf2dd37144fbd28adb9a24a9278796bb1b6b1ca3757b44788d65	qtd_sagt-ud-train.conllu
https://raw.githubusercontent.com/UniversalDependencies/UD_Ukrainian-IU/r2.7/uk_iu-ud-dev.conllu	1805761	b3cbe00dcd6ad89caee98de090e952c7ce33c8b9000089ebec3e63298f4d35eb	uk_iu-ud-dev.conllu
https://raw.githubusercontent.com/UniversalDependencies/UD_Ukrainian-IU/r2.7/uk_iu-ud-test.conllu	2485687	248d4548ed2e2138b4056ef5f4be2fca27806e6c1cb99710603be44141ca8948	uk_iu-ud-test.conllu
https://raw.githubusercontent.com/UniversalDependencies/UD_Ukrainian-IU/r2.7/uk_iu-ud-train.conllu	13053138	a89d524e16a140caf6a46c458498e24b67abc555a4a7e46bf3de451df37a1cb9	uk_iu-ud-train.conllu
https://raw.githubusercontent.com/UniversalDependencies/UD_Upper_Sorbian-UFAL/r2.7/hsb_ufal-ud-test.conllu	748399	3930c6b739fecf8c069834bf8eb0b6a4d2f8d245b52d49e981bcef0188d8e87d	hsb_ufal-ud-test.conllu
https://raw.githubusercontent.com/UniversalDependencies/UD_Upper_Sorbian-UFAL/r2.7/hsb_ufal-ud-train.conllu	32668	dd7278a77478fc51c3f4bdd68fca6bb32287b60ec60e19cca7d97e396d45d576	hsb_ufal-ud-train.conllu
https://raw.githubusercontent.com/UniversalDependencies/UD_Urdu-UDTB/r2.7/ur_udtb-ud-dev.conllu	1675716	d5e2e457feef95c6f082077d70461efc597de3a30745913768b6cb9763f37702	ur_udtb-ud-dev.conllu
https://raw.githubusercontent.com/UniversalDependencies/UD_Urdu-UDTB/r2.7/ur_udtb-ud-test.conllu	1708225	aebb77eeaf0acce237ffcfb22d3ab6bc4b5a6a341eb3ad9a5ccc4d155ac05198	ur_udtb-ud-test.conllu
https://raw.githubusercontent.com/UniversalDependencies/UD_Urdu-UDTB/r2.7/ur_udtb-ud-train.conllu	12517066	61abe64a0ca5372f0ef9461e0f2324dcf5c5ff9d4b1ca8a05672fb5bb43870ba	ur_udtb-ud-train.conllu
https://raw.githubusercontent.com/UniversalDependencies/UD_Uyghur-UDT/r2.7/ug_udt-ud-dev.conllu	907823	bbc1658b118c8401bc432eb7221bed0251fd3fbc859d1321786ffe0c24398733	ug_udt-ud-dev.conllu
https://raw.githubusercontent.com/UniversalDependencies/UD_Uyghur-UDT/r2.7/ug_udt-ud-test.conllu	884058	51035cafd44318b0af5a217c6c719adf5189d31fea5c933a33f08d719d4e94f2	ug_udt-ud-test.conllu
https://raw.githubusercontent.com/UniversalDependencies/UD_Uyghur-UDT/r2.7/ug_udt-ud-train.conllu	1663211	a1ebf29f854bd72d014b9cde5a4a5a586b165875fcb75722394827daf33f5cfb	ug_udt-ud-train.conllu
https://raw.githubusercontent.com/UniversalDependencies/UD_Vietnamese-VTB/r2.7/vi_vtb-ud-dev.conllu	534964	00eba1edf095a46de61a823d6688f217ba7146f1358b82f3cf3a4bd7d6f0704e	vi_vtb-ud-dev.conllu
https://raw.githubusercontent.com/UniversalDependencies/UD_Vietnamese-VTB/r2.7/vi_vtb-ud-test.conllu	558630	b08df1cac9f1707ca0e6b079b36f51937a62ea4e25112e6cdc11b31b68583ba3	vi_vtb-ud-test.conllu
https://raw.githubusercontent.com/UniversalDependencies/UD_Vietnamese-VTB/r2.7/vi_vtb-ud-train.conllu	961935	91f68ce021e3efb077b941a6003a7f9c61e0a9bfc0ef0a5452ab08387db0dc9e	vi_vtb-ud-train.conllu
https://raw.githubusercontent.com/UniversalDependencies/UD_Warlpiri-UFAL/r2.7/wbp_ufal-ud-test.conllu	38326	ebfe23f73b6d34d81720cb4b6270bbc32e5b76d580471ee139214d24598e9d62	wbp_ufal-ud-test.conllu
https://raw.githubusercontent.com/UniversalDependencies/UD_Welsh-CCG/r2.7/cy_ccg-ud-test.conllu	1035720	a920208dd8846888ec93742d80a9ec367ceca5ca3c30fd8856fa68e02fccff31	cy_ccg-ud-test.conllu
https://raw.githubusercontent.com/UniversalDependencies/UD_Welsh-CCG/r2.7/cy_ccg-ud-train.conllu	949039	ad578f4894e71694e342377fa864579f547eb93b88ad9a911969c67797d8c62f	cy_ccg-ud-train.conllu
https://raw.githubusercontent.com/UniversalDependencies/UD_Wolof-WTB/r2.7/wo_wtb-ud-dev.conllu	702919	22c31cb046689c3112f3b6b2f5968b772f029fc8e47a235e48b0bf8f3eb314f0	wo_wtb-ud-dev.conllu
https://raw.githubusercontent.com/UniversalDependencies/UD_Wolof-WTB/r2.7/wo_wtb-ud-test.conllu	716896	85223049b6ac625d41fed21bd3bfd8fc38341cab552b432d73a88926b86cc703	wo_wtb-ud-test.conllu
https://raw.githubusercontent.com/UniversalDependencies/UD_Wolof-WTB/r2.7/wo_wtb-ud-train.conllu	1622884	d4f3a8d7c69fee33aedc27f983c1d16bf884abc7e79500ae5e9c77abc42b5be3	wo_wtb-ud-train.conllu
https://raw.githubusercontent.com/UniversalDependencies/UD_Yoruba-YTB/r2.7/yo_ytb-ud-test.conllu	567955	89196f6708fcd9cd96a5d0ad2043e37a39fa33657916236bef02b4039622569b	yo_ytb-ud-test.conllu
